user_id,clip_id,weight
703680,155818,616.1560233571875
801034,674816,779.203613597155
975852,181501,736.9134979471347
563786,589532,119.64458687291665
680731,173540,459.65115745680424
580347,467336,3724.6134193615662
510457,683627,3118.7236436121
427619,139708,552.7523402525032
582638,111351,482.1410708767177
677984,222168,-42.14886838298901
763494,116583,644.8202883791479
565110,776827,-7.446014260367406
229032,576192,-179.11217587652908
789430,858686,-280.7390575969592
792900,697735,718.8559275717467
806119,720021,38.38801754706856
185660,358492,1901.8378616328482
703102,892846,2495.983855637915
886976,359964,-130.4566203209735
228705,744225,973.843291844156
685281,168036,130.05789490203506
457281,676985,1623.5045428359379
687507,79564,-50.50448356883669
976288,853711,2222.7580599424637
834376,660710,1697.5248204604675
652344,412048,619.5765582830587
567610,695522,1551.5199043239722
757732,561824,2050.2571823015246
880154,289302,1766.3361661828076
87420,368515,-46.502234356061194
656073,500298,1085.7551483087195
233136,230551,1007.6889855636567
23425,168259,1005.1163955520424
267531,712748,1131.1129795514958
500785,600576,414.25353840918524
464862,681692,567.2907226741956
175764,731273,-90.5044835688368
485906,682351,4203.273281542954
564202,830738,955.6143862344991
39784,432562,-406.3100617116242
708871,945506,-4.980625074390048
960886,124092,2665.9839419280224
617317,481574,2142.0868140224607
432054,232504,280.47045815610494
888088,178147,40.68210123190465
827484,175115,1692.4506656535254
101403,810856,796.750761186408
198599,930630,937.9288497644965
184614,885751,371.4864748759359
168685,991132,1053.3544907901376
360936,181501,-173.45713142349462
594395,467336,2321.1134193615662
960230,944806,419.63870388886687
983077,453204,436.64771572238686
914527,19394,427.8213354719356
134594,361613,2934.8586532943004
257737,322436,14.423234300002605
514611,742056,-0.12923014009498957
90287,46897,-203.71697862095442
960206,155818,7.0329464341104995
196165,323222,331.58068126632804
847891,545918,1271.0750334257964
927322,634974,1211.9322685679153
728367,610392,-131.5789075838461
138760,354754,-89.23958900394223
383577,43041,146.26341202940603
756469,203088,1367.7640552279872
263144,419839,741.277318771218
688290,810856,603.5423354657871
229999,173540,590.917824123471
873523,71619,220.11518952646549
826268,477242,216.57717986576785
196767,405050,3189.561973783335
956139,429815,663.6374443956719
853921,247498,280.29546301235985
642482,209007,548.2994520304477
192054,947232,853.2530415147752
991436,950081,4188.515410330368
402936,359220,1117.0006859927844
73483,343176,-122.04063768329576
665395,696504,-158.65308496743813
94128,191805,847.5612540751617
733443,784640,-505.9707124618949
145024,149616,621.5264333606272
87420,357060,136.6832953597011
939428,443963,907.2830943937413
845022,172970,124.77478064521006
73989,442208,3072.6786550690294
748236,43055,715.1297884091853
961715,780093,-349.53439809875124
789805,753436,607.7358760715229
321379,361613,1194.4495623852092
298171,137151,-58.822665387018674
473629,964047,2488.1179462401606
961018,278805,-315.7519870488343
922821,845427,1144.4631177097401
746758,543648,465.7005490028039
199796,923116,503.0903203897394
567276,361613,1985.676835112482
787431,76576,-252.67304544174647
809388,421331,-174.98697262449662
956839,530632,707.9068717425185
645071,272457,352.7650968507437
497095,958530,255.8469150325618
303215,325011,810.3145297764923
616654,166845,1094.3952315308784
402769,429117,485.34768806904924
387838,789786,1354.953508793411
280445,278805,627.7595983170194
921397,845427,133.9509225877889
5545,138995,-143.14938517885463
269328,843807,-20.598794321375294
815960,358032,-5.041342543195697
581089,175115,755.094605047465
258600,343176,1091.0366845792887
826214,124092,1965.0061641502448
511970,378771,175.92115745680428
930675,569289,427.0004925870827
235465,677576,659.543896087489
826533,665162,1237.1997288853759
63167,457602,-39.31901348336663
749492,122935,922.110793311146
115791,99737,241.6994236350705
348711,494777,-106.1098347394053
457220,23763,2308.985722021369
87432,873790,-160.97126678561995
878123,935585,869.8425860282329
749597,695522,2963.8246662287343
155431,668467,925.2125581660241
843911,156463,452.0809209595208
733993,301921,553.0040296570678
173252,259282,288.69714813279495
304970,40691,1843.1322685679156
667644,930577,-318.44261065913776
291936,218845,-146.95384254319572
853921,208721,700.8767130123598
809698,172970,756.2975079179373
212905,342381,262.4341655868856
548651,879365,-232.1038425431957
40242,332403,194.2481689510571
629589,440242,551.3124322739411
572442,926341,23.003356857745644
862066,853711,1702.4247266091304
690928,698415,1307.9179828536296
880154,961450,802.3102731030627
838520,361613,1522.5790090255255
950278,181501,784.0044070380438
705172,984203,211.4834590441058
525454,282435,2663.435847838886
94085,697735,972.7142609050801
742254,887902,57.011225286261606
204933,736860,246.89857993742442
418840,22989,-287.97408063843386
459393,302116,-60.22762303100063
387451,11502,1833.1124272980742
127948,443525,35.440263147861174
162715,975724,413.49108499303617
233407,175115,1881.3173323201922
720908,172767,448.89869368868835
738689,940986,-693.575333771266
443869,159780,129.85449079013762
965700,158396,-22.774080638433816
760280,430087,2324.215131091456
535656,699356,40.00267206622584
545414,64135,737.5592291211135
706244,184702,-243.2667213310745
14468,530577,726.4125270628081
473629,831838,2257.8256780728007
927895,156463,439.8821631955457
321379,569772,-367.8519486038018
714063,444328,2672.826580104332
413789,442208,2342.5977026880773
328648,442180,1182.1041900156433
844831,825117,1443.2730513961983
652162,530577,748.1084977587788
35301,581871,1710.4308796790265
51309,200862,176.99139555204238
690928,622212,1213.5225580170281
709789,569289,1234.3088549564209
307077,853711,1599.8340289347118
583366,322141,13.565309503587855
770147,964615,-105.08379450180627
485327,530632,282.934049442867
390708,919754,-202.28995365430677
500243,580528,-205.55207486642803
105101,155818,476.14649954766355
592059,835492,1435.4698008676569
35301,19394,1554.234033884634
609299,513102,-17.90741397176714
922821,222168,1198.127932524555
606675,118072,501.4959114148702
388163,576534,255.34873935227807
292139,795806,-338.50106476541794
428585,203088,1126.940330172555
921538,866793,1167.9041250639098
269980,545860,1018.239772175419
739689,443963,76.4025388381857
544870,62959,1201.262824123471
230844,30048,2985.7940959004745
133694,429117,146.65721187857298
872098,65027,-74.17691017604596
304321,88581,833.3068717425185
922821,670344,1032.589043635666
602086,417921,237.64236957801637
50241,929648,-296.34087028112015
523601,940359,836.7135464631466
428998,477958,936.5469150325619
386252,490812,1199.6345059158702
527585,530577,719.5407321910131
672075,203088,3920.0383099705346
549879,719852,656.1938070294539
517910,853711,1593.6247266091304
674938,923116,549.6517821837593
379468,839768,633.3068717425185
629329,359220,-26.768544776446447
738689,139708,-202.5108176422337
836445,714905,1728.5899980365143
728654,576534,-18.255299815408534
162306,839864,543.0205139561608
677058,961450,2640.3063971340707
696596,429815,785.7052099634375
865119,810856,1476.5516269872737
702370,864193,708.4495888293533
889386,342381,543.3841655868856
12778,676985,287.0132384881118
748236,683627,2275.802040824644
146050,882140,2051.227857836071
860559,343176,-31.77733981095531
501724,103828,206.09109793299478
629275,371227,-113.39399405834723
767243,810856,861.9325793682261
648669,720245,475.06548369793904
873523,352427,390.1880030143475
411817,419839,780.6143151082143
379357,528099,1575.7137116974354
500846,156463,790.9659383811236
984969,107765,-43.14873885460156
31327,753436,681.9313647933275
144919,59550,253.49734793299473
52441,825117,583.0003241234709
17180,531167,3467.533339073637
113887,720245,3793.7643209072417
798629,366172,1936.5128241234706
180375,257446,1414.2534806891276
677984,998913,-71.10223814619485
991074,244124,445.5099068026965
202511,404332,1292.338548125226
749597,817206,2371.7592526948997
540926,146545,1022.0831729606801
754834,341932,216.9654160967151
84252,558292,-255.4856918582642
680396,707607,1162.1535661484363
208192,558834,484.50302112159477
899692,259282,172.56289866133613
578454,685284,-165.50373431808754
759507,875661,99.42418775983458
619310,337599,389.0805889813521
685281,860465,-213.29652370261607
51230,697735,1208.123784714604
5545,964615,154.39606936659993
46049,322436,1139.3986096753779
560178,282435,4512.719938747977
865119,695522,1644.5437138477819
478885,693469,617.4157788394227
197033,20822,1614.6768082115982
519266,918042,7552.987268567915
900442,768391,1400.6264604871074
731718,257446,604.223935234582
703680,785196,740.1591419529284
779448,637840,438.4100463456932
366716,222168,411.93758257757725
412878,853711,1556.322401027735
569729,947182,414.43748212620693
213799,750287,317.0487948009229
905328,289302,1697.4718250975366
394550,969697,4714.506005941653
10146,133019,219.51142630061094
914075,481574,2338.770147355794
25155,306419,449.79712644905226
837400,637196,-190.24550920986246
212905,741090,-126.68864646476436
485420,276693,3752.6188586062294
617317,550395,1454.5441459625515
471115,628744,-288.68995365430686
308024,417021,364.7439990805893
368320,512900,-217.36643944242047
901815,477242,1375.3191510728554
704863,877336,296.8423695780164
780239,458201,287.5348829470003
233229,589663,457.9211574568043
448583,590338,573.4497288853757
465371,720021,405.44613897934676
479968,43965,82.9184227930939
290643,2282,329.67806802590997
473629,964047,2488.1179462401606
287882,625262,499.7949669806138
751813,156463,823.1202066738066
12180,158427,30.262824123470978
218067,720021,167.75600594165275
440649,683627,1658.6829932055962
583366,290726,482.23004634569315
154142,961450,1955.321384214174
257365,110225,1738.6637966635167
425980,560212,147.1001617858086
162306,952765,172.20369713934394
717621,882140,179.96595307416624
941366,615562,580.6148267074502
926638,442208,10616.22865506903
805478,203088,2305.2244210816457
278830,332403,626.9378241234709
892315,176088,285.5853710210178
728654,172260,303.6145158527942
687395,357060,-46.6098502951337
23425,361613,2065.52207320772
996586,964047,566.186128058342
13084,742056,-420.61760223311825
914075,617660,2330.70359952454
303215,416657,729.4626779246405
30404,668067,752.3224395080863
655693,956375,2887.937913568909
572295,457602,-421.07976998454865
388163,845658,852.1540708934967
275753,763239,-0.6121758765290224
508803,173210,-318.2641209566206
320710,367555,815.8481668407292
178036,632927,2761.878300313947
415534,78309,1985.687824123471
939109,357060,928.8087543560291
233713,668067,481.4910441592491
616727,810856,98.88712482277163
694983,617660,1954.742488413429
897835,252161,1137.2413471587015
804132,412048,640.1193701223822
377658,332403,630.6117371669492
386404,30958,159.38399637227474
776400,86690,451.97115745680435
133263,70231,345.9881926738395
909495,412048,470.3466428496549
527585,121800,514.6073232290165
3028,92051,311.18731856229806
91756,930630,618.9868207789893
367802,20945,538.6725463456931
274002,720245,1398.820245602701
943078,161791,1864.2387925230632
16583,325011,227.1709891066359
312559,660918,193.03687561398584
946410,306419,310.42873321438
646566,88581,1124.9497288853759
958627,357060,-38.86566424862201
798629,947232,1992.7628241234706
198793,923116,506.3725614045386
629573,116583,400.9472285121856
535656,684955,543.1656757292295
320505,62959,-68.25265206700522
325302,853711,3049.4883629727665
139237,124092,1042.2700530391335
226076,224759,1292.8663955520424
277770,442180,1372.7812513264257
919883,412048,3191.438056991069
202214,124092,4410.65115060011
385467,554209,279.796642134728
300804,685277,53.317860753507546
600619,611677,74.62203464978666
430771,442180,2199.9450991065523
921538,259282,1299.1516935873406
733993,301921,553.0040296570678
877276,831838,298.1741629212851
520152,368515,22.137688622115945
29229,543648,641.5997738090055
980347,887902,2013.7399074568043
314971,14510,2550.112824123471
872280,731343,1246.2590714807648
13713,947232,76.24596365835464
88536,47251,-123.64933513047458
533032,442208,2141.0468368872116
149845,453204,260.1175569922282
461374,842353,618.5363089719558
397925,352427,212.58696942261622
748809,765421,715.4329837257734
196165,975724,63.31608499303616
550427,247498,554.0118372813656
198812,964047,62.18612805834198
361930,807942,-66.79345929898898
675367,481574,1992.8938315663204
981277,175115,575.0036959565559
550269,461718,-295.0740806384339
872098,580997,1031.5078443459179
29341,714905,2713.832234061359
501468,809910,-267.96434978957257
581813,853711,1939.02007544634
687395,961450,215.77151341314027
468276,92883,550.9177982836776
623294,593407,109.24203309824986
515608,303318,-160.64550920986238
968421,880878,-50.185651486285224
52929,968746,63.92727287454761
393604,432302,-401.7186799415698
494116,419839,24.51700661960149
52933,845427,-0.16310180245500305
49766,324722,-159.14608992995528
751455,442208,2169.129817859727
711852,419839,499.6619341558334
5334,429815,843.9964187546462
652344,622212,72.35312280108144
616467,77532,101.07593781856133
400867,142649,-298.4157112300644
584174,684955,559.8068717425185
60438,680503,520.9590580978299
30404,218845,361.56282412347093
809698,918042,4344.734995840642
950407,285685,157.54825558887478
290858,865701,552.7432564959765
132102,720245,1903.7643209072412
107122,810277,73.7619730954965
376613,95297,3587.5832786689252
52933,838567,121.88782412347092
756469,85370,985.5238065844192
197117,837231,425.21254939819624
628474,143964,218.21055139619818
509031,62959,-74.19008285327322
648400,901795,346.34316103462186
462373,918042,4278.968366128891
190171,720021,5060.86964230529
438811,593896,337.25367778200757
705897,163987,620.6931381331327
886557,161470,4597.337749160952
948660,361613,1661.8114504970972
428585,134783,136.85460870076133
154714,85370,769.299648628554
381409,134783,63.31021123775918
466354,325011,495.3488547192841
510457,361613,2749.134152185653
729324,728573,91.99827188466492
328887,892846,390.6762469422629
983454,443963,85.18309439374127
841967,155818,923.3746280083502
294105,558292,81.93097480840242
688082,176088,336.6481415837884
208530,520514,-333.5072978277486
5334,755701,109.23533543568817
672617,904592,1412.2021098377566
445584,720245,1343.741065093288
98012,481574,2096.57868394116
757732,429117,2015.9667356880968
651842,404921,-36.841937781290994
179421,332403,2164.069403070839
696944,467336,4874.155086028233
757708,805437,-92.05576562011879
745745,85370,1169.2000815289869
773773,578968,527.65540153695
830138,83760,857.0667043895464
816529,427016,339.13943702669667
74832,85370,962.644056159008
786606,173540,325.8992194723081
728654,343176,49.20292334693943
641101,359220,-24.38905759695922
662690,59550,5850.883476297384
287882,720245,788.9392932217486
996946,581871,5080.46068997713
831962,695522,489.9691106731785
980347,121996,1702.73544317109
675367,285685,173.92670170416307
32513,30376,-16.911173370263384
391289,765004,320.8949559064167
109353,712748,3774.0492323231147
91959,163987,-340.6789658857798
329918,543648,895.0442182534499
865448,797471,291.1695516982217
674371,483285,114.99388472953149
217484,139878,650.9076822794992
923619,341932,959.2596189952658
235465,677576,659.543896087489
522992,683627,1973.0163265389297
259412,918042,3913.0171466166958
109353,894544,3513.5673695780165
356813,64135,7138.627754092077
890152,30376,103.42215996306993
983077,359220,206.6553868474852
75683,343176,325.0024220938066
677984,132660,-21.109979494100116
976972,318504,224.44652375717055
102809,357600,-38.948539512892694
267531,936020,176.37472145756055
296720,905371,126.71107993742442
738728,579967,3131.3559788853754
170321,155818,264.6226900238541
60438,772796,204.436376646217
249667,232504,1698.2689929546398
226184,282435,1236.0949387479768
623294,245135,-275.8808862359371
580758,955087,1223.9557385619737
504578,720245,475.00084955159764
3859,417999,302.2890145996614
267531,567422,488.49393193244816
763494,337599,1056.048257727807
748236,337273,1511.3544907901376
46098,54879,-344.1985395128927
179421,7391,1950.3012212526573
816529,15238,50.32605941758857
249741,785196,6034.292475286262
742254,681692,817.562040503653
149710,918042,4547.287268567915
943753,342381,382.68544763816766
565019,19394,1045.5389434453575
239215,684955,571.9563734036481
865119,442208,3402.0977026880773
189144,879365,-23.48980745547641
285752,631627,-105.57704074139394
82245,740537,-6.984398098751285
612336,595517,1177.4529756386225
943405,706119,120.17404634569311
314004,175115,847.5319664665337
182917,878291,693.8733742055728
98220,358877,228.36242729807407
887152,656648,-173.57795660742613
525454,181501,1410.3453161289528
307836,366475,-233.60555691409616
889517,210547,660.5908700265168
154714,175115,540.3078085106686
462373,191805,535.1395738583595
87432,139708,125.91143116159412
993278,955087,-64.17074365146516
88833,481574,2435.3487187843657
820043,853711,1947.0720950301832
178036,419839,2591.6857436796427
23425,181501,728.0996451332819
152292,88020,278.58879030704577
872280,746858,833.327971002296
235170,647752,-366.087175876529
157849,546334,668.8024774747289
870695,671635,533.1474732462779
475311,569772,-208.94444331838952
119912,964047,706.2784878262337
229999,309284,130.5470833827302
434435,359220,193.13962457358343
366716,653526,660.8861936886883
983003,395742,26.678296684446536
462373,430960,376.25161399213886
385920,168040,2320.3150968507434
399241,110225,1013.9362941357108
249741,83760,5834.00979382044
255238,593896,706.0696423052891
642482,377243,282.8661186971143
583524,429815,3756.8760174168538
921500,442208,2155.112801410493
443018,299201,221.4728364084832
915822,501406,1602.0329854137938
578454,741090,-309.4659191920371
725592,662929,54.58225227596358
299012,742056,100.3794907901376
35953,993433,-313.4920539253095
388542,539831,-209.49405993450011
987042,679564,-148.4263063113117
461672,285685,329.46464540061345
551116,942223,-186.6985395128927
904490,707607,1922.5142804341504
245375,523230,1186.5461090071917
777914,46858,511.2281967942784
84252,27852,-160.25156981592295
141626,134783,1329.109853456006
32820,894544,1141.7774582698123
446114,853711,2414.6723456567497
280345,595651,487.00873509655577
788707,110225,1548.9135551176228
588774,998913,338.89776185380515
940112,892846,966.2726755136914
685438,325135,2272.576102511749
704863,203088,1316.0494210816457
287399,695073,-256.36931873367195
481517,965622,962.2128241234709
36989,252330,-81.79818986254304
149710,631627,569.362824123471
21197,8532,93.36711705276389
672075,707607,3831.328169323039
904490,353431,823.6317896407123
778023,924533,170.1715333966539
721041,40691,4831.406005941653
621581,479451,1987.9826959183429
687507,368515,-154.65405621840932
312559,753600,538.139458110399
292231,358706,1167.4826959183429
40167,685277,1025.1099629602438
165064,792241,93.42733461298144
858927,200862,41.41917332982018
960673,209975,728.2878241234708
743002,699356,60.54971223535904
943753,706932,35.18355061919743
849071,169708,3922.335260020907
933875,890120,791.0085700442169
502855,161470,2853.4231889991725
931636,866793,1330.2710873698966
689551,859848,1439.967498920219
905328,77532,587.2227078444012
864274,853711,2311.5549591672698
854305,546334,862.890494441855
912876,528099,302.10061645934013
801034,83016,-136.55662032097354
641101,878291,189.6924218246204
160531,838773,-113.25954429758173
456045,172260,410.3513579580574
820043,181501,275.4517754590965
980347,430087,1925.326242202567
546751,90870,291.5687765044233
472734,993470,502.75219193956286
572442,182948,108.64772387284438
134594,975724,1736.9979031748546
278830,821099,836.4211574568043
303215,799263,761.3102231442788
457566,961450,849.052697345487
268330,77532,56.441215596339134
651183,161791,4538.230856015127
784469,197265,160.9595412951881
538866,323714,1152.612345196268
396793,356630,276.9472860477756
55408,762652,3408.378300313947
956139,712748,561.5626355865178
950407,429815,767.5147337729612
539688,354754,1369.2399835919095
488972,427016,2050.724052411312
679277,463579,1656.0914093947888
717621,204071,-191.75860444795762
147687,323714,302.5456785296012
344387,804852,878.3801318157787
646811,603814,333.918127153774
106422,559634,103.64337967902651
400684,598237,435.01055139619814
83556,28824,428.1357773398452
857941,560212,-243.2407473051005
921500,712748,753.4788332100325
155448,159881,265.69762804503955
397832,271305,13.215867899120667
931303,914322,1153.2832786689255
693315,422993,-44.63427619000868
960206,968746,-171.71673428108744
841491,581546,449.56661200225886
560178,429815,4026.5444956777233
135234,964047,1352.3906735128874
220422,454172,579.1561168063978
461374,359964,-117.45864052299368
930582,431405,2002.5874380230848
898340,959822,-455.42581224016544
537780,151958,544.9675860282329
745745,332403,761.02873321438
255238,785196,532.1409601347466
155813,546613,5654.517877790734
462373,853711,2116.3808241701063
810951,842353,603.7003887945723
428286,837231,685.926835112482
363327,124092,1467.8950530391335
517362,155818,591.4084043095684
676545,667218,1013.7128241234709
718811,830738,1795.7883789084922
272515,252330,1849.5621205587431
386252,720021,1238.1778462964198
461672,845658,639.4563964748921
767243,892846,1064.701246942263
290858,429815,1530.0658371411378
548897,77532,73.09059502896321
199575,858686,1395.7442757363742
35632,172260,807.3496782268144
921349,652478,251.2519266875736
548651,885751,0.5637106482936929
764100,566781,-282.91015567450887
206430,78544,2702.1521098377566
822352,35691,119.41465339176352
776400,124092,1539.228386372467
381316,79564,201.703029847979
155448,173500,-257.7618614111202
626453,168040,5829.315096850743
879323,706932,124.72201215765892
625230,427016,641.5172148044745
550269,467096,359.58357701922387
364412,794732,297.739106174753
777692,172767,277.41689389091283
917331,280800,1658.9203822630056
621581,76655,2110.7160292516764
676547,707607,1360.1509083411272
994557,203088,1856.1827544149792
363327,811014,873.6455706023443
44344,124806,1444.300536614232
217484,139878,650.9076822794992
948660,825117,674.8849395080863
470988,407444,538.2286166642634
904490,576534,706.0144370266967
858239,617660,1960.20359952454
131584,541838,652.7635816992284
178090,197587,-349.4530849674382
81638,626176,-106.28059692916065
160451,88581,999.1559092298539
893916,366172,-344.14754173018764
962823,964047,487.74713284303095
380320,418352,57.61004634569315
680069,279019,204.1525860282328
329721,203088,3339.2624645599067
338687,853711,3500.862821847226
665381,226012,169.94087290395873
806610,172260,614.9203638060106
596439,682351,4407.201852971525
179421,168040,3293.9466757981118
502990,19394,431.44592018954353
402706,155818,951.3878415390056
101021,515894,977.7982137338605
173042,481574,2850.420147355794
329918,543648,895.0442182534499
208237,603814,561.90332799944
696944,724817,3712.2044907901372
763874,697735,4497.273610498576
185706,324421,-120.80797419585684
956839,945506,473.0609333671684
980278,477242,54.237497326085304
388542,68758,-119.4074139717672
229032,841918,737.6719511075979
889517,500298,188.83315813672948
212644,289302,1823.5379205687727
589816,665225,-102.63560244995568
360936,83760,-152.78507797443115
39784,449050,-144.5008427615602
572310,853711,1958.9931476617621
278374,746858,-350.88133132328545
848198,858628,594.54711117788
931256,530577,1270.2924804427614
865855,354754,-136.35027111462432
826268,531167,2919.1402050758516
933875,137151,1150.9722064078533
224720,834789,265.3440378284651
109410,993470,135.9449455627513
862531,810856,207.4087698444166
473629,467336,4473.056601179748
645088,892846,1857.288203464002
606750,203088,2140.2842036903417
105101,323714,451.4472658311885
714063,595651,2908.6061376939583
994520,94700,-63.10170156822869
930068,490812,460.89448374292124
611929,603814,327.4775677132145
767243,837231,637.2839779696249
314004,433133,1530.7899582698124
160451,88581,999.1559092298539
128643,120514,735.748430184077
263666,936020,-353.39357122536626
329721,395742,2013.8352426017318
500243,166932,178.94236957801638
956839,209750,1052.1687765044232
495790,137151,1129.7392075226803
97664,175115,804.5075762226313
953808,71619,149.7586003791787
139237,271305,-75.52541117064675
235465,166845,776.566246023632
345317,960105,644.5573893408622
702113,155818,3066.444395450211
936230,720021,-9.40914557349879
996946,256944,4732.27318997713
494923,203088,1843.9135236457482
387838,419839,920.4311649250642
57955,882140,156.0373816455948
9072,968746,258.4507870864339
189144,849673,264.66150833399723
259412,124092,1235.6999310879141
280445,445880,811.7537332143801
614659,860838,897.0377059201612
317525,133305,246.6489352345821
248522,421230,1005.4506148211453
208084,707607,1820.4067222946155
20501,720021,360.13371156935835
200749,422993,2511.2985520928196
60438,7391,542.1440012796481
239119,531167,2957.902109837756
214829,368515,137.24337967902653
717621,720471,28.252759188406003
16583,161791,1540.0923278765986
149845,161791,1297.0641893484599
708871,945506,-4.980625074390048
594395,200862,360.1163955520424
962823,266299,365.5489856479718
783758,244124,585.8115262358949
456045,926341,210.76651475248252
939571,181501,815.1096701959385
94085,33540,38.52372155936837
677058,481574,4292.082938053469
261329,558292,370.5288008953589
738689,636297,-340.82533377126595
939238,347465,-396.4038809456535
811101,841332,1361.6794907901376
393955,404332,627.2687806833655
183541,660710,256.0957606314075
583328,955087,708.8292563485348
342670,467336,4008.424465873194
869053,561824,2322.8984521427947
759507,59550,90.82418775983456
285752,978372,-31.000570153158662
520152,417999,534.7249902094175
166096,779403,245.56689389091287
23413,458201,-8.540117052999676
863527,124291,-299.42070300831205
255026,947182,387.73980770760227
252585,349340,151.92038226300588
550465,926341,339.5782556431708
676169,817299,-132.60005466440782
714512,11502,1998.0553951829024
375550,648994,1375.050164708617
940375,353431,938.4472658311885
946410,493058,192.36835585588943
535656,244124,215.9786008992976
387838,161791,2126.119134403405
690769,43965,455.6650968507436
778959,850645,41.090145848180725
878123,941421,-459.32408063843377
930582,161791,1447.4399937242642
32813,442180,562.7954317007875
877034,975724,120.63275165970288
405415,209750,2040.127218062865
802814,437750,669.7965197756448
138760,354754,-89.23958900394223
769063,33540,307.88129731694414
369563,308431,-96.43059692916063
863527,55333,-391.50403634164536
229536,695937,427.3663955520424
553919,298381,-137.64828698764018
307077,173210,-308.5811344205129
891024,209750,3207.484925572746
674371,71619,346.36466098523925
679277,731343,1945.3986063644857
208237,131361,650.4912067873188
494923,203088,1843.9135236457482
670600,510309,329.65334136485023
87420,322141,74.46413991294457
484907,203088,1111.1055186426215
141626,467336,3208.08457320772
643349,85370,1821.690567786915
804482,763185,-331.85063741499056
46079,124806,28.327975638622434
920883,882140,374.3469054551186
221082,34924,-67.32380378350581
148529,68618,943.3322685679154
835455,513102,24.08782412347091
821723,744225,169.9737266267648
381742,454172,560.687824123471
84252,419839,18.328600822500107
674938,165206,-195.50265206700527
713609,33540,375.7659979821326
35301,569772,1056.6808796790265
323213,943114,740.3180550037017
320312,231924,316.08908880278443
406426,742056,-337.19789016224337
54907,279434,379.2196423052891
648669,99737,243.94466173030855
343297,593407,143.93195557886997
936489,173210,19.551026668539862
739689,207572,-243.7788425431957
983454,943000,-511.7538425431957
328887,11502,1066.6350463456931
984969,508732,-390.07704074139394
415685,175115,1684.8423323201923
154611,372792,-267.89550920986244
788474,207572,-0.4851917495449243
10146,429815,913.2218212591185
5334,911765,13821.47308053373
280345,500298,89.77138207495341
198812,697735,796.8672912081104
128643,252330,787.3381737738206
367242,737971,7.0897073626423435
227356,701088,667.0594202276252
962823,689022,1653.8018592111903
360936,765004,-178.42704767140083
825437,845658,1003.2130612508422
314004,785196,504.37377609926983
983077,710003,425.643711353985
956139,124092,1053.6130017570822
9797,62959,788.29828923975
427619,139708,552.7523402525032
926285,967776,23.92038226300582
841967,918042,4660.630873219078
956139,156463,107.51315539175528
983454,117240,1431.9128241234707
197033,593407,1708.149009842436
238350,313852,1208.3050812414888
292771,683627,2028.7372567714879
590674,284898,-332.325199132343
652256,120514,596.2116336472805
379529,175115,694.2601894630495
831804,601564,50.08446495034434
300740,442208,2974.411988402363
781907,239589,1649.0654985420754
477165,918042,4940.23400769835
950278,182948,862.0687765044233
72732,276693,-210.13114139377046
734572,357060,152.11938558526498
541390,134783,301.71824506439765
486723,918042,5173.90994298652
680069,83760,248.08122239186923
300740,617660,2875.7869328578736
249741,810277,6007.513911079992
784623,166845,1085.286898197545
255238,407954,171.32418775983456
52933,172970,296.09978064521005
715340,59550,31.41953144054412
318613,968423,-166.2108469728746
996946,419839,4833.580633342825
170321,880878,282.0419907901376
758559,373880,-142.6207883167204
995474,685277,803.888181905224
950278,111351,653.3696423052891
218312,528099,1046.1482355069593
518921,442180,1328.2405536520068
445584,202503,751.6800721854863
641245,154970,1223.6845773702241
962823,964047,487.74713284303095
580763,325752,98.9995124351592
891017,43041,486.4461973292126
588774,880878,479.04974272812206
484907,134783,121.01979717082781
102625,417921,2515.506005941653
435858,631627,57.82440948932464
565019,676985,1019.973703604391
15762,397791,487.70320873885555
952776,83760,525.9935336578391
321831,841918,2156.1163955520424
9797,244124,932.9088334574371
909826,569289,4417.738587825178
702370,230551,644.9902050758519
436879,530577,1215.9180215683027
461374,668067,296.9815304171772
931636,990451,1005.7366046112758
511164,991841,1073.6010661326034
552679,580751,407.5170924161539
896821,181501,928.7377403713772
864274,831838,488.937728812758
558817,539831,-110.29405993450007
338687,683627,3536.254421777025
68322,807942,-34.202550208079856
490549,99737,706.3797681132874
635419,918042,4029.0659271045006
784451,353431,554.6425039264266
321831,926341,1450.868853933769
278830,716602,-27.1186274894323
781907,239589,1649.0654985420754
756469,133019,265.6237348655571
154832,231924,686.3636208504304
845634,465904,52.19576063140744
393955,546334,1049.6913033397318
307836,285685,208.8134826099158
372854,217961,319.8294907901376
380320,582264,436.19978993543674
138760,786341,511.5286649643117
932825,161791,1906.0879988722695
475311,392334,556.1180566816105
908195,680503,288.7704134091852
119317,974267,106.0752571193018
239119,977491,166.7116336472805
572310,789786,903.8860324101449
642984,366462,1125.6825049745348
198599,866793,1024.5556402154248
308024,417021,364.7439990805893
763874,128283,3918.4805070503003
514757,22156,367.2313023843405
858239,34924,-188.57845494629646
97664,200862,343.6316394544814
684086,466274,654.6196423052892
160451,88581,999.1559092298539
287399,372657,-444.5121758765291
164135,337273,1633.2687765044234
143176,880878,248.30555668161048
145,430087,-18.85153557521079
364412,681692,822.0086713921444
884287,853711,1758.9818694662733
216482,71619,1158.4603547651436
662733,759621,47.26282412347098
299012,850104,511.97949079013756
583351,880878,26.375324123470932
416958,943498,175.5544907901376
69792,733553,539.192296395385
387456,595651,258.39072267419556
243896,252933,278.19215312779994
152991,361613,1252.5572698950907
858258,568205,169.32418775983456
46049,894544,1496.8493106099572
502855,442208,3545.4553992550764
413862,442208,2066.433200523575
50105,278891,165.9571772517848
863817,998913,-123.10999008417934
490549,422993,577.4281029202428
656748,840981,2366.9037709673244
562020,965622,1005.9425860282329
244421,530632,162.5491077673633
559800,43055,316.0821693615662
549429,853711,1779.2199647043685
363327,837094,459.1029184630936
778959,353431,25.84567852960123
978744,305866,413.0594457450926
833290,694628,219.37678055710825
939571,361613,2152.5320982703765
295282,914322,194.68782412347082
777692,693469,957.4390346533762
588548,357060,510.6970253368178
536001,814031,2272.626278750605
321831,690691,1537.8742040517864
764148,969697,6173.869642305289
14688,655018,1227.4731239300472
144562,765421,1470.6974911481755
107122,311506,-441.0189161209122
812593,81663,-115.48717587652908
624871,974267,-228.9343485429834
674938,817299,-243.25265206700527
110303,442208,3353.359607449982
619310,230551,-27.522585621822486
886976,595651,337.06270335052403
292231,357060,1463.557114522994
863527,19394,175.23661786396212
927895,785196,450.0460984746675
175764,845427,-202.988101802455
888338,176088,2196.7433796790265
742254,427016,516.9440881894874
324446,453949,1799.9916539107048
652256,757587,952.4116336472804
680069,720245,659.820245602701
784451,111351,436.25535659100336
677025,631627,-204.93168807165102
296676,923116,1132.4407432227204
341782,222168,127.12671301235986
27282,685284,313.0925860282328
494116,155818,-60.52223751237784
447121,528099,746.0831561418798
510562,230551,201.2592526948995
677984,124092,1111.5694716437847
214829,546334,1027.0789002389565
209564,405050,764.5683617043569
726374,912372,228.27493213740826
345522,235559,777.8609010465478
118098,513102,1349.0211574568043
786606,467336,2138.8198147104035
17180,913809,925.6317517720496
889399,853711,3184.177358188078
846172,155818,464.38784153900554
67558,307791,6016.1750036106505
929711,710589,1173.1735081107454
698431,693469,1922.3349648859344
488932,992122,984.2316336472804
541424,154970,493.8163955520424
160531,75840,280.4478241234709
168346,481574,2606.795147355794
447968,418786,739.1087543560291
663510,161791,1500.7095527569813
435858,97764,197.81531858023374
805478,442208,3196.3536550690296
551116,676985,168.47687485174822
792165,467336,2067.7733030824966
30144,250431,215.30952646294327
1539,158427,1330.5366613327733
982806,660174,94.20782412347091
119317,24488,1768.5854630523509
417037,323714,5.190122974045607
617795,728573,606.5232718846648
213860,579967,-2.7463514084439566
783042,528099,1578.0247582090633
820043,576534,145.58680544774938
513869,720245,634.9631027455581
292231,720021,1526.1190595547064
872280,821099,1613.9560411777347
418840,546334,639.4836621437184
24901,467336,1955.7838739070207
945432,887902,-135.465220748324
243588,121020,-92.36583441311438
782334,615562,647.9156019012487
961018,282435,1112.5583533821232
735011,503267,6.778733214379997
395918,558616,30.613952714442178
82245,825117,244.07810190124871
40167,222168,1229.4450056952867
187469,124092,1857.6582109338706
59627,230551,457.94789738354416
173108,658396,-39.14550920986238
280345,312649,449.04496698061376
537780,151958,544.9675860282329
792900,842353,440.5022180628649
249741,683627,7520.349659872263
109576,681692,700.1434358524901
994520,62959,162.30738934086224
676547,383272,326.67313624097403
387456,782278,503.9686212249203
381409,842353,413.6737296907719
22741,619680,-509.95662032097357
978528,578968,1492.05742173897
112134,15238,821.5760594175886
916590,19394,333.2034783290784
200749,652478,2858.874148909796
940045,50627,2523.244642305289
457741,82472,4335.532268567916
999975,337273,1010.5687765044232
702113,124092,4126.383425132157
445459,617660,2396.5202661912067
560178,347465,3054.1354047686323
927331,950005,2033.298538409185
208224,837231,191.94306887871574
183541,268162,238.95004634569312
572310,586320,38.98481660467394
413789,156463,486.91425429285414
272968,853711,1666.039360755472
580758,579967,1197.0031650325618
971290,15238,1011.0371705286998
428585,134783,136.85460870076133
127409,251377,747.5393920677217
772157,124092,8695.609338753418
300804,493058,234.00363724117085
834971,761992,-73.56698356883675
146170,772796,1855.7643432532536
596916,442180,815.665553652007
694461,833579,393.5827104871073
687395,357060,-46.6098502951337
226076,546334,2275.840805000861
878123,50627,-117.03241397176714
198694,397791,1463.3335117691586
670600,510309,329.65334136485023
469180,610393,730.5989352345821
572442,716602,-238.53968012101126
237425,62760,21.457147794968535
999975,765421,157.3817016744913
826214,124092,1965.0061641502448
351038,682351,4412.374868844541
708871,358877,408.5161069517537
893916,464465,847.6024582698124
202173,531167,2618.8858760715225
40167,853711,2897.893019292057
980347,13960,2097.652736404173
553396,247498,-5.556840510675386
845632,618540,-182.33082723951338
386252,979791,758.0414826600562
601817,843807,1911.9012056786248
204933,27852,-53.56164733530284
578454,231924,328.0142550999019
983979,79564,114.58992202556885
767217,752391,3772.944234379881
178036,707607,3496.3297566246265
572442,817206,-252.56179993667945
508803,944806,-84.97134395802311
217877,779403,448.79616218359575
860559,378771,146.14139555204235
198694,442208,2858.842291432666
13084,944806,-117.8697527707526
994931,220331,32.2779325245549
489729,629128,175.56107993742444
564202,429117,728.4832192045803
617317,902478,772.4378241234708
452902,449058,-55.70985029513366
820777,417293,523.7470346497867
784451,707607,1653.5249947198647
509937,194983,478.7433796790265
518921,442180,1328.2405536520068
316303,442208,2394.3047420255516
583366,322141,13.565309503587855
500846,404332,926.1604426232408
921349,593896,226.22115745680435
589816,200991,-238.53944860380182
838702,892846,465.422177174821
777914,945506,599.5727346094045
536265,622212,26.259571004041277
617317,481574,2142.0868140224607
834971,500298,-59.778068474497104
991163,825117,283.2611936886883
235413,154970,2116.9345773702244
485327,563716,491.61752283222273
143176,880878,248.30555668161048
104494,493058,2038.942080911322
846172,958530,558.6650968507436
183697,419839,1380.7513650501423
208237,984203,723.0545184756304
182917,772796,192.50963671947704
307836,578968,336.8269777643402
21485,697735,1697.5945639353831
662733,263311,421.4873139193893
633800,960493,-401.72952004997074
804583,59550,1123.3899517830455
239119,892846,679.5583897994057
387451,341932,1117.1786666143134
365616,68758,-141.95935195626333
173108,530577,702.8227834730644
867717,776827,784.0767130123598
300740,810856,1048.8659127015594
405415,166932,1910.0105513961985
150265,122935,1230.5028568032094
226184,193033,423.35449079013756
887167,62959,232.17695455825356
533645,936020,1969.4107766007207
320505,357060,-66.928233462354
921500,849673,80.84828625440798
548221,610392,704.3696019012488
368452,467096,1135.726434162081
363878,230502,-297.7179729779784
212256,284898,1179.4723695780165
980347,419839,2206.3286008225004
943078,974267,421.4351605009443
779163,203088,1970.1168629421109
757708,528099,210.1720450307688
583085,6139,562.8696423052891
30727,217762,915.8068717425185
561339,887902,-180.89342587652902
909495,693469,573.0463285222979
374572,134783,515.2373838203786
884287,134783,272.62084246699504
901815,155818,1552.793232659513
477165,926341,1098.4461486197592
721041,292823,4237.18549312114
68322,45981,-280.13490314925633
951876,263311,327.42513443220975
875919,772796,-302.49542913665266
632109,364227,1916.98544317109
773773,885751,179.4192662038492
956839,11502,1644.9743320599787
301337,361613,1697.9152072055053
675367,969697,3017.1160537885426
145284,379168,39.23327866892549
858239,222168,-4.473286987640108
102809,132768,-206.97581224016545
136343,707607,1013.7059471008172
873129,720021,701.3019655376123
743325,166932,983.6943458626013
344387,322436,1229.219815496584
280445,361613,2140.401835112482
83556,175115,1077.8284434313034
220518,362489,78.53864658518393
185706,944806,100.35948310964608
750533,768391,755.8305302545492
834971,733338,4.166945002591831
107122,33540,-240.6282164251278
757708,828986,-121.71413666084277
879323,417999,730.753758189405
185706,85370,896.9663152952205
387838,358492,1428.9946893013039
152481,421381,92.22671301235982
435311,530632,19.09258602823286
385467,890771,-286.43412709604127
890152,64135,962.7735148353993
909244,838276,472.73544317109
749597,811014,3217.5455706023445
833025,299199,277.1339779696248
515608,701088,658.6408155764624
194857,449050,618.2156577921497
617795,481574,2628.8451473557943
584862,681692,1124.8548252382982
890236,912312,1016.3948948305417
749597,311506,2334.299688530251
217484,121800,805.7758993337628
546836,68758,4.959252694899476
615851,720245,415.8018473343027
202173,341932,300.5671947528416
547245,337273,1191.6385439462838
130948,648801,95.56877650442334
24807,494777,-210.44679126114443
819064,22989,1738.8325395706256
499564,706119,614.8184907901376
310461,531167,5127.931330616977
676547,982698,322.485166316162
405415,352427,1720.4374744731215
625230,99737,393.4724395080864
308469,510343,495.1423695780164
609299,203088,1124.7541829864076
51230,817206,111.00210983775662
227356,361613,1377.8454397636447
824555,639983,434.4539305660479
933875,807942,991.9227411672116
208237,172260,859.3580899042018
782910,855224,-101.939069815923
510562,22989,53.573538409185176
917325,768391,98.26885179145518
425517,508949,681.9838329926506
223302,513102,-152.26672133107456
233229,543648,1062.2664404756722
307077,222168,-68.61398466205878
958627,890120,-333.72190103509143
889399,461185,1711.7404557024183
749499,767751,-22.712175876529045
46049,789786,1709.0040978439997
137040,720021,3937.6646132917494
88225,626986,979.8657689856263
788474,207572,-0.4851917495449243
120748,944806,-92.56584156567862
455432,280800,939.8469150325618
798629,501406,1977.4079854137933
856725,505424,437.9232851163787
694461,365434,111.5514604871073
569729,947182,414.43748212620693
444135,337273,1472.056581382472
619849,915961,146.69170009246318
377319,944806,-43.85663410647112
550427,720021,924.4294509177292
51230,853711,2065.7675837519873
374572,656648,-28.17570096832833
12180,34924,-282.85345494629644
150265,660174,411.05226856791535
227443,166845,1286.5507870864337
314004,332403,668.3524582698124
135153,493058,59.085586299864076
91355,71619,645.9455922490974
301186,361613,3909.7524165078307
195691,853711,1781.9174095359597
174752,969697,3157.1680106036574
336630,717014,436.3698893408622
191061,896897,-407.69204600639915
602086,955087,190.63755674379178
992466,610392,-65.2526203209735
633398,959822,-314.2377077914227
655693,419839,685.5068953961435
572310,467336,2351.606840414198
993698,845427,504.94779563344247
12778,508949,29.542369578016405
370851,81586,928.1544907901377
568086,733553,649.6341568605013
101403,810856,796.750761186408
400288,127368,503.9076972735766
202214,176088,3228.523286763812
106743,272463,1424.1844907901373
117383,426319,162.82418775983456
804132,163987,-81.89221540222076
233136,745054,916.1559594499854
103719,595651,1439.3334104212313
857999,205688,1022.80373321438
522992,285685,422.9530174936367
830138,467336,2900.6286632640054
387451,950993,623.7531083016584
992466,19394,190.83403388463398
593103,427016,507.5589492218187
784715,662929,1544.6208886395998
125115,357060,-113.47585250997304
523601,327235,1543.581511831112
249667,98678,1407.1163955520424
908195,158535,880.6553565910035
179421,683627,3486.147905486298
725592,313536,-16.905541969895125
235413,59550,2398.506005941653
385510,560212,3651.145616331263
495692,139045,-124.65308496743813
271278,490812,93.12968458858722
887200,429815,4793.663681724234
169645,343176,-107.89122869984425
983674,414172,882.1100209198096
889399,111351,1381.9222738842363
729972,361613,2883.9823906680376
980347,197651,1812.4211574568044
213860,356630,-187.6722092515812
685438,918042,6084.3148326704795
173042,466431,975.3416702773171
454428,354754,509.89431762996446
385467,298381,-96.05912709604127
590674,760269,-139.6413102434541
567216,772796,90.3888469401507
40413,313852,507.6420069363271
279138,337610,164.47593781856136
135153,853711,1751.182866144014
143176,878826,511.14264684554496
871393,918042,4040.9979828536293
25383,765421,445.59909297883917
779448,467336,2183.2606415837886
113887,831838,3210.356333463921
70420,417921,5.392369578016428
154186,719321,-236.65726214809695
583085,419839,595.1770856709849
179421,325135,1801.6051173565536
872280,203088,2194.884304802576
753692,660124,495.39039329343154
544870,298381,1175.887824123471
326381,21244,840.1251203634187
212644,865987,374.8062451761025
398903,628744,1570.6163955520426
939109,375031,881.6375615578295
435858,244124,406.5849537070117
915822,610392,1736.291824123471
617866,740537,-83.72007061337115
24901,172767,-126.31672133107452
472016,158396,486.01055139619814
117648,85370,2221.792099267346
956139,161470,1271.164393531075
101403,634974,559.5060059416528
921349,600576,378.3011574568043
784623,219307,1117.0739352345822
909244,166703,742.0687765044233
662690,880536,5817.969190583099
275713,974957,22.18917913702103
674371,865987,248.71055139619818
550465,30048,149.4845274201743
987042,956375,2634.18715522715
994374,563793,-549.0682734375047
264895,230551,-178.91535047970365
132271,873407,643.4992355348824
497095,175115,628.7309686838287
663510,324722,-59.095383896579165
504078,712748,1190.3446868685692
166107,404332,380.2687806833656
580347,467336,3724.6134193615662
349749,120514,127.90752109316787
314971,121308,3939.612824123471
607890,843062,-315.65503301938617
738689,695522,138.66150833399718
88833,369424,1075.1809116810746
927331,81586,2720.9294907901376
701078,676985,73.1632384881118
798629,720245,2527.490483697939
98220,940359,-39.63252219687547
12494,169708,973.587198005403
890236,930630,467.4136982493451
14468,675314,285.0087505089135
92970,697735,1841.7934275717466
830138,442180,1492.380797554446
705632,569289,279.97127180786197
857999,569772,501.71623321438005
534751,853711,2391.4851917254095
506480,247498,1087.580992728122
322877,371227,-328.0292490472608
235452,359220,408.4109424030408
132271,138281,189.3584334424674
134594,46696,1798.4273346129817
441435,682351,4506.390587001722
558817,528099,438.1720450307688
15762,189673,97.62115745680433
687155,823729,685.4044907901376
531278,830826,-545.216431195678
145284,790991,-62.70672133107445
954515,845658,3037.611435234582
178036,181501,2409.6948832285198
995474,843062,787.534335751378
778023,882140,463.9421435503567
700784,606225,3542.3983504392604
665381,737971,52.34553392090788
541390,134783,301.71824506439765
198793,322436,-8.224240447472084
326381,610392,964.0104287746336
770147,133305,126.95408428607254
933424,780093,-326.0899536543068
886557,395742,3072.813503471297
402936,913129,913.1775677132144
189623,467096,800.5121484477953
74017,482465,916.4621071947012
71369,728573,470.34827188466494
991436,916093,4363.771157456804
583351,161791,1299.6832369675076
46049,956375,3476.912772148419
613750,513382,-372.65102605074514
527585,154970,35.501010936657735
770147,842353,499.31014489213317
951876,211286,361.58159701724384
959850,580997,946.2170230898793
837400,809762,161.6760594175886
798629,124092,3251.9700530391333
508580,442180,890.9672978380535
225106,589953,62.94102925167607
875987,161791,1600.069600603871
144771,181501,521.4816797653166
476123,197587,943.5834762973839
872098,173540,296.2308676017318
821622,991841,2917.7722373037745
153473,11502,1262.817941082535
819316,923116,775.8919037643066
485420,653526,4087.125324123471
749597,968423,2437.944966980614
589816,166845,7.7846254702722035
88536,90870,-20.293592833555806
492335,313852,2535.837128887547
764100,66853,-214.48543976541794
421038,6139,350.1660849930361
965592,835492,1122.8067265624954
909173,576534,565.2789719104176
836445,714905,1728.5899980365143
72444,119506,-170.53944860380182
454933,19394,741.6784783290784
498989,158427,819.0925860282329
918090,720245,391.9271116049158
855085,644221,1282.1852988709456
875987,755701,244.5447759951287
425517,419839,874.3367309038009
160199,671635,268.6189018177065
590674,239589,-356.725199132343
399905,133019,278.66364617376104
699658,178147,227.89346486826827
599046,825117,276.50032412347093
263144,558834,754.9314138670607
940375,359220,1071.4347519268504
499932,865987,225.81282412347093
457220,984203,2015.3279034885504
352318,827034,151.41762210326897
292139,327235,770.4275066631534
718042,918042,3956.8169197307056
652344,412048,619.5765582830587
539688,716602,1071.090674836149
569192,657582,127.87673154632336
589614,776827,177.03323475149028
792900,550395,1193.2524792958848
653180,342381,322.18178463450465
904490,134783,1021.1386996098522
55408,538378,3161.0449669806135
220422,837187,-421.79388319360226
709535,950005,-143.52646159081473
417037,392334,473.1211574568042
88536,742056,-178.46502140498438
12180,600576,445.04282412347095
264058,740213,-67.92289016224333
23921,689022,1160.9933796790267
339740,885378,-101.6491323982682
594395,134783,442.1386996098522
748640,92270,3195.878300313947
517910,209750,348.85449079013756
446114,181501,743.0520260856629
705897,430960,714.7399608756077
67558,395742,6256.4093786106505
439346,343176,535.5749329163175
828331,161791,1760.4832369675075
892491,200991,402.9140145996614
931169,298381,1050.2579460746906
189623,640865,707.0036135971551
397925,404332,451.41193313814597
956839,731646,698.9682115326718
36970,660174,553.4300463456931
106422,559634,103.64337967902651
141927,618578,343.76890520455197
391289,955087,449.4071127691618
263666,689582,-154.076881758882
12180,600576,445.04282412347095
489729,850645,432.0245127732453
789805,652478,606.275736211383
491298,279434,-215.1025799169331
572442,337273,973.1477238728443
117648,660710,1484.1564652384536
280989,414172,17.007122369084982
328887,90870,-101.0990806384338
317525,132660,107.59337967902655
322417,935585,1397.4378241234708
85151,785196,187.5146975084839
38878,918042,4369.644086749733
731718,232504,657.6582786689255
607020,107692,383.1268485137149
403396,618578,-320.2904367460943
920883,354754,281.8402050758519
98940,366435,435.86964230528906
229536,212366,371.90210983775665
12778,975724,179.46608499303613
509937,998913,16.890009915820656
784616,3894,523.3342163528882
877276,668467,190.59199079013757
784623,352427,1146.189747200394
632522,742092,189.58687174251855
400288,222168,573.851131617011
382421,209750,630.2963512552539
669256,442208,2761.683200523575
805478,683627,2836.8913265389297
199575,850645,1548.2512569592918
429368,212366,-25.4074139717672
502855,853711,3150.601470795177
679107,384028,-2.507536071889376
55053,895595,-383.2407473051005
675367,361613,1354.4005193230082
672075,429117,2667.2746721960334
790888,168040,3366.380314242048
927331,109628,1828.089747200394
654489,202503,604.70332799944
139237,354754,-85.59431873367191
152478,203996,97.4373893408623
259799,710003,425.22097233589716
8900,964047,345.77595489816883
920883,660174,409.0173479329947
55408,682351,7611.820900590572
314971,720245,3121.3404836979394
270111,415782,203.00956325390575
705632,569289,279.97127180786197
118488,752391,246.79651977564487
185660,866793,1374.5013766495335
72444,890120,-84.2303576947109
30144,712748,1146.5276136978373
266071,28920,-204.1145014579244
984969,252161,-28.038151852505052
40167,311561,1240.7939546442356
173042,601908,832.027824123471
102901,543819,-359.0536259449285
390708,845427,93.31189819754502
30727,20945,381.7027050758519
143176,78544,1801.8680566816104
709789,958530,1345.1844981811205
160199,390190,-56.07408063843383
960206,85370,703.1860955150008
161042,962732,1713.4687765044232
402769,926341,555.1863142512294
202335,617660,2650.807087896633
642482,246334,193.06308839408405
519266,63682,4925.891395552042
312559,913809,406.56560190124867
238972,950081,15.445642888506995
325302,155818,1474.8196597208237
267531,964047,545.5680571049052
508406,312649,589.5514604871073
960206,745054,-192.81589796089628
994931,814246,-391.360956364334
820860,839911,399.914813969524
32806,940359,942.6843276199744
424504,546334,775.9360430960994
314004,442180,939.4051877983484
837172,442208,3730.0786550690295
393604,453204,282.6634338795684
224720,95297,1924.3830622187088
695893,670344,957.5943458626014
393955,85370,1074.3882422055196
367242,431125,-314.04709651144964
711400,887902,520.8954630123599
484907,265980,-434.4727449822201
646566,64135,1287.0116100734945
102625,24488,3952.3443563329834
888088,676985,344.28823848811186
681518,821099,695.5322685679154
749499,230551,170.24020507585192
728367,322436,-101.25860851842549
787676,672235,-136.98042984478303
978528,429117,1129.6766923980535
677025,508949,-71.57714261710555
91756,785679,199.07912847129705
549525,853711,2143.9656357000395
787417,359964,790.3822685679154
923619,270910,401.05449079013755
400867,528099,332.17962078834455
737755,957839,-26.12711094146414
74425,589532,1386.8342887699357
568086,936020,-14.870315411412776
890113,853711,1499.0294885138924
235170,569118,-353.887175876529
536265,528099,394.8614389701627
530390,866793,513.8962199255699
977079,313852,288.95366005285825
389769,875119,592.698935234582
428998,49726,491.9183436039904
97664,821099,834.8114013592433
575204,252161,156.1822685679154
699658,528099,665.225075333799
791435,70231,175.3789909000036
846009,85370,951.5864451653505
721150,676985,369.4996021244755
275713,111351,190.75988620772813
194857,412048,1168.2698030228153
170550,402992,1362.2029756386223
723044,417293,1486.1764604871073
754834,244124,118.28749877594066
822352,199701,594.4146533917635
235170,352075,-272.35384254319564
177443,964047,526.5270371492511
969286,64135,1631.1747053115896
987325,181501,3332.7544070380436
617846,828819,3012.1365420721886
33121,80605,398.3384583729424
956839,11502,1644.9743320599787
367802,265964,591.03312326877
888088,404921,45.73782412347094
520893,384028,343.9044722096842
809698,442180,1166.5132809247343
165614,175115,399.2309686838287
736141,831838,176.69042308388669
96798,807942,17.706540701011022
973459,352427,1261.5283835640303
237425,157172,184.651592239413
809388,49317,615.3141026443207
545414,498393,415.1149949918182
208084,477242,653.249383630995
994374,701088,468.8847180154868
572310,442180,943.3589747046385
640518,59550,1819.7343357513778
83635,637840,722.787824123471
144562,173540,1632.633613597155
776400,378771,497.8497288853757
16583,528099,533.2478026065264
190904,268162,-137.02773143208458
893916,124092,971.309687185475
179421,926341,1771.555988436693
701078,110225,413.474666228734
202247,467336,5841.1193717425185
930675,133019,419.8519578620727
852394,85370,2610.864727993633
177443,746858,261.0203600086384
562020,530577,1372.5608787111596
197033,748799,1849.45389799488
82245,853711,1565.2025043869082
500846,359220,700.9150074436911
413789,325135,298.59258602823286
879323,989717,3694.1741194373526
202214,779403,3397.7229914518884
130226,617660,2430.60359952454
271278,15238,167.87489662689097
994557,134783,866.0970329431856
227443,120514,1138.310046345693
85436,166932,381.39636070883677
430771,40691,2038.0423695780164
800567,313852,1397.231437830636
594595,272463,2381.7905513961978
602238,838905,2176.4014993371466
808515,706119,785.7274338795685
412878,311506,-435.9026370511448
187384,698235,173.5424340525489
356813,25918,6743.4879508260365
984969,80605,-263.54913376464975
416960,252161,190.2711574568043
40413,419839,523.2391699281911
502855,936020,1189.0831729606803
844831,34924,911.8442723264308
949563,879164,439.1664875695257
50105,543648,795.8111559228266
152481,610392,10.88071301235982
434435,785196,293.3544907901377
33464,845427,52.707020148764514
948668,30376,-216.12338869117434
778579,957303,-41.23179762593804
961715,161791,1214.5721258563965
873523,352427,390.1880030143475
578024,353431,202.7091705930933
304321,853711,1929.2437742281782
791435,103828,-167.98671855945588
417654,64135,1122.1497053115897
749492,64135,684.2020862639707
185706,124806,78.06011849576527
350827,277274,-275.31217587652907
51230,634974,297.83068126632804
399905,203088,1380.8039665361912
857999,404332,1072.5806200068328
33464,303562,-3.9431408818313116
184614,977586,549.0439216844466
973459,166845,1200.6255345611812
377658,668467,-12.900762833050806
704863,578968,425.6665126480611
633359,880878,346.79392877463374
235413,209750,2745.6726726083198
465371,372684,-16.19022465701687
98667,207572,134.39576063140743
619079,158396,5706.53544317109
233229,768391,748.8847938204407
845529,63682,3190.985960769434
322585,693469,634.7099648859344
277054,405050,391.87149759285865
88833,744225,609.3588197944666
46456,914322,97.69615745680426
15762,668467,-441.8413425431957
647391,657859,628.37888103404
239727,683627,2661.1326056086973
501468,879164,118.97083539561265
642482,209007,548.2994520304477
3028,209750,883.1800721854864
212710,90870,-44.81217587652907
472016,28920,250.90822581480285
166292,530577,1027.3152077154887
633359,191894,456.10642877463374
277054,133019,191.78052929064415
835622,197587,-396.42796535021324
423178,667537,-108.77729215559884
259639,974267,-208.98706172127794
845634,419839,377.280981774881
792165,134783,188.79858333078244
789430,155818,-34.27730997614594
277054,343176,56.169088760473244
214829,191894,482.3544907901376
540926,279434,1134.0149911424983
857941,706119,170.2518241234709
764096,821099,836.398430184077
834971,733338,4.166945002591831
14468,675314,285.0087505089135
912908,493058,618.454276033273
853921,172260,718.3981415837884
164135,337273,1633.2687765044234
469062,129281,-150.11535047970364
416960,166932,361.18226856791534
45937,904169,167.64236957801643
834376,169708,1964.2198754055225
909173,175115,1259.2568672039133
920883,660174,409.0173479329947
965592,930577,-106.19870822011336
406426,950993,-220.65165360310357
103910,7391,-0.8090810989662032
730687,133305,-26.478842543195697
629573,116583,400.9472285121856
277054,956375,2502.997714233361
803618,927649,1559.6878241234713
275753,390190,-278.47884254319575
680728,71619,64.75860037917869
676545,419839,910.1452674891667
821622,665171,2718.2756619613087
342670,947232,1841.8738706350987
494923,282435,1921.6590413120794
6135,493058,-32.76144212390852
931169,473976,1213.2829460746905
655693,85370,1296.6208003450545
492472,64135,834.6566820557758
364034,842353,808.5817635174103
25155,645622,499.166357218283
677058,720245,2748.578274395614
422091,112277,-94.64399405834723
170550,302845,825.1733313698477
402769,175115,1126.879237082097
454897,516667,90.3582786689255
824555,28920,383.5045461611232
971793,765004,218.4491249364791
292771,124092,1478.6159832716917
103538,357600,565.5237925029176
124877,440242,-232.4466586351498
706244,614148,538.1731613668727
88225,361613,2079.236358922006
699074,541838,522.2433796790265
459393,251377,-37.87524207861969
607890,95297,1499.1449669806136
369563,839911,32.839232574175185
421565,134783,993.7985833307824
72738,9090,-628.8773932678334
396793,169708,687.4476631216821
594595,442180,1665.2632809247343
971793,810277,417.5952118930008
445584,124092,2068.2206344344822
189623,442208,2515.4786550690296
617795,830738,802.6419503370631
896821,576534,798.87277036003
743325,671604,881.2530415147752
960206,357600,-171.50798007233323
49050,64135,1243.331100660427
141927,618578,343.76890520455197
966008,5626,2401.250324123471
269980,674187,247.49734793299473
402769,85370,1355.8710771999827
370851,943498,200.90449079013763
625230,676985,439.29101626588965
995957,853711,1917.55495916727
539688,707607,2426.848582759732
155813,866793,5777.129283626277
144562,158396,1460.8036135971552
50241,608480,659.7414826600564
504523,342381,139.26831192834902
757732,337273,3035.9497288853754
548221,282435,1940.8727165257546
951876,693469,888.6727853987547
287882,955087,480.07045717669223
890152,879164,448.64681883246567
320710,322141,709.1244826302028
638857,369725,130.5969150325618
546836,218845,-94.18717587652907
502818,660918,873.1860819631922
725812,753436,2334.889844325491
865119,332403,1720.5568717425185
568086,532822,81.51107993742443
620868,433133,2262.4943717425185
132031,555325,1167.2086574568043
778959,332403,423.02671301235983
33464,750287,36.709033031212186
382421,270910,-51.03698207807946
638857,845427,310.4209891066359
687155,158396,857.9544907901376
252634,21244,1643.056515712256
259639,503267,-451.92884254319574
663510,676985,360.13955427758555
854305,303562,-12.660001963485627
30564,812449,39.67585831150518
249741,683627,7520.349659872263
204172,347465,1125.1922229504505
91419,208721,432.1923695780163
749492,158396,25.94020507585185
713644,175115,908.8002591494605
196165,358492,614.3087918654063
411790,220331,3.9364691099208358
929711,337273,2279.786167808771
484907,134783,121.01979717082781
568086,576534,145.1626928406502
889517,516044,89.77597381162059
559248,429117,570.4336093941009
497387,807942,771.9979548424252
341782,633474,1977.5425860282328
294105,546334,942.1622335722899
651183,974267,3095.427223993008
983674,196949,1326.0573893408623
10146,644221,899.1012608159774
835455,618674,118.65744437663545
459818,652478,354.2664194411967
751455,712748,767.4958496592667
269328,567422,-145.8457893219072
499932,892846,730.0762469422629
179421,442208,3845.610234016398
758559,516667,-91.48263042198357
742254,208721,242.09247528626156
522992,830738,415.71695033706317
518921,962732,1445.337824123471
593103,765421,147.60121386961328
85752,577053,313.88234631459443
149654,550395,1353.585812629218
965700,475471,38.61639555204238
84439,530632,1094.8479051771692
663510,528099,493.8650274869091
888300,923116,583.9871859104675
648669,660918,-90.7353466082364
685892,442180,862.8818579998331
877034,263311,81.97898058605597
196145,442180,1443.4905536520068
165117,520816,36.68471853340884
166694,407954,120.24493368058046
709789,124092,2310.8462725513286
452902,442208,2093.780980650425
49766,880536,59.749148165282804
90694,978372,4.285347343285196
582638,978372,543.6357232831349
548221,155818,784.7338011349652
3859,107692,-29.089614900919287
33464,71619,40.28705566373151
460157,64135,1313.3860689479534
239727,567422,976.3419183192888
253537,936020,-377.83107122536626
567216,306419,354.5146533917636
807227,15238,5482.344241235771
614445,731343,909.4071145891028
690769,172260,418.80470724035405
541424,465904,552.6100463456933
677984,222168,-42.14886838298901
103910,858686,-321.48444766788117
617866,175115,380.9594375833502
278830,449058,158.98782412347094
711678,610392,1378.302935234582
541424,950993,506.00072734927744
552585,998913,-113.54261419765453
59627,322141,468.8507795890579
821622,695522,3324.762504066572
470255,510309,149.12000803151693
514757,90870,476.4259193615662
945089,634962,-361.5674950254652
184614,297030,382.2265303800987
713609,62959,556.4134338795685
856725,134783,608.7970329431855
914075,205688,659.0628241234709
826214,701088,1434.7519266875734
52457,175115,1371.0738540593227
952776,361613,1842.7439082832138
433030,54879,-39.81217587652907
583366,24488,1621.4120331006602
528461,866793,1158.2445291043136
364034,841918,970.6264965621433
296676,163987,408.38051187050644
142118,24488,3908.7761745148014
180375,122935,2545.3629578133105
588774,880878,479.04974272812206
13163,668467,17.379869578016383
399905,103828,26.73611957801637
319372,397791,2961.3652242427315
687507,359964,-233.59850066285378
763494,142649,401.0482577278069
208084,285685,890.7204593541019
258017,442180,839.5683314297847
803618,668467,1463.091990790138
275579,62959,1077.4595632539058
968045,332403,1413.360901046548
483556,805598,242.88782412347098
779448,637840,438.4100463456932
145308,516044,2104.499912035559
939428,18383,1297.3461574568041
252585,194983,447.3092711518948
305246,156463,1204.2342310640506
803618,429815,2488.5861623443902
725592,710003,159.86896387923753
339202,737971,294.76293968587464
235126,322436,664.1685334453018
28913,13960,488.5012212526575
364412,681692,822.0086713921444
653180,176088,164.31480825045503
994374,412048,401.7041816523157
878123,955087,11.451409557644638
617317,203088,1341.5160877483124
553396,490812,326.31743274513855
469487,361613,1844.0310017791485
67558,307791,6016.1750036106505
278374,876369,80.6604643423492
700784,461718,3228.354490790138
623472,175115,1119.7309686838287
320710,266291,729.8692194723081
702370,940359,649.598430184077
834971,309284,-138.7452243095775
962823,272463,1780.9651925445232
142105,619680,10.41509685074368
100501,807574,465.61465339176357
18043,858686,-174.64858140648295
294105,923116,735.2589250409022
87420,720245,507.336536329518
499932,955087,509.9216476528827
940285,172260,1959.7069271135044
789805,577053,567.9711964888104
134594,964047,1676.7315826037968
500189,389719,441.1317635174103
526882,878826,389.84032126414957
640827,21244,797.6350871408273
580763,259282,607.9244208600676
926638,359220,8670.494275736373
807227,67592,5248.077434513081
280445,203088,1978.3244210816458
724664,25918,702.2974020455489
106422,349340,340.9767130123598
224720,282435,1580.1901768432149
18043,156463,185.65234953094944
308469,539831,386.19078855034843
523601,203996,976.0329404025406
783758,545918,1096.0009820182077
212710,97764,99.54063797628481
731718,760269,711.1267130123598
736141,62959,388.1207509527392
694461,365434,111.5514604871073
235170,421331,-69.22050920986237
236412,173540,473.07337967902646
772279,71619,1461.3528032777294
914075,110225,950.2746662287341
5795,268232,54.59014970486635
68228,481574,2204.3201473557942
17887,15238,351.6169685084977
469215,194983,1141.0332347514902
862531,397791,737.4460658817127
680731,161791,1596.0165703008408
177443,203088,1622.5766938089187
503376,843807,155.6393009167199
933875,614148,1566.048452742164
241456,13960,633.0305141819505
239727,168040,2468.9313759205106
902967,323714,-7.652301268378551
960230,680503,573.1210627598346
760280,166932,2719.960046345693
900354,33540,340.8585700442169
984969,76710,-346.3603740747273
387838,765421,827.8175991103888
225106,567422,157.01730591618804
405415,199666,1581.2412531505843
415685,289302,2408.894499516141
802814,528099,1089.4474073496094
873017,361613,1543.6541078397547
718042,134783,307.8683507726429
190904,384028,-51.624996389349576
351902,175115,860.4894253434481
974428,107765,85.21612601026334
9421,861245,-71.63930765947481
32806,427016,1398.7753344625942
52457,219307,885.0054569737124
637061,354754,-144.92676554218258
767243,810856,861.9325793682261
220422,885751,-10.001330002112866
93095,217900,134.9073363185929
213799,211286,518.6036602253536
505547,837412,1510.535886138975
729324,528099,519.2387116974354
539688,918042,5174.421570893496
835622,695522,226.6088767550499
519934,429815,725.9194956777231
52933,217961,361.98782412347094
395918,792241,59.77458619860511
360936,354754,-144.43085719521036
846666,614148,541.4708886395999
452902,404332,373.29203649731915
517362,707607,1581.0916613865315
891512,244124,1253.9293207221103
862066,853711,1702.4247266091304
461869,701088,493.9234242721145
606750,384028,1088.6653417749017
485327,841918,898.0134145222321
50241,431125,-460.8156601970865
383577,617660,2005.53445058837
38683,43041,1141.5390827047067
593162,453204,647.9757350460584
90694,219307,151.46998786616098
726374,254605,767.3463607088368
983433,467336,2358.1193717425185
831804,444328,282.04645325443795
833800,359220,94.83729899218804
402936,617660,2964.1100097809503
87420,720245,507.336536329518
898415,22989,-164.02225339590893
983979,614148,673.8095250032363
804583,143052,1015.4640258571194
916590,250431,-205.848400366325
782910,134242,-164.2277602921135
472734,453204,999.8699379446091
72444,324722,-23.25806332241649
614445,693469,1344.8428917152025
943078,266516,261.5767130123598
980347,945506,1872.0799809862162
257737,828986,16.463641116934923
984969,62959,-93.42704074139397
336630,7391,11.539207522680385
943753,701088,876.6920976277445
240589,134783,1482.990972337125
68739,178147,-33.7269413212868
933875,821099,1618.5237215593684
639932,175115,650.6608105810619
394479,442180,1115.5437451413686
462373,407954,304.898467138992
909495,617660,1878.7399631609037
949563,731343,442.2676660207041
377863,762154,-34.06217587652907
385467,38684,17.482539570625363
170321,608480,1007.5544907901376
900354,926341,453.4925913075065
778959,712748,702.9335757574579
560178,282435,4512.719938747977
820777,878826,540.8966248137212
960673,265964,552.4109010465478
886454,812449,106.24701670394018
562020,965622,1005.9425860282329
377319,419839,141.63629313019237
675367,366172,-141.5884916660027
387838,567422,760.6615366854188
767217,113347,3339.5156629513094
560009,706932,-140.1772552416084
654187,950005,537.7344079744026
290643,416657,481.3002902481321
386404,853711,1880.2156357000395
55053,975724,72.97084689779808
365616,212366,-129.9450662419776
640322,737971,502.0256246753038
573417,789786,3128.224928430684
709789,569289,1234.3088549564209
946410,926341,205.26531858023367
229999,322141,339.14308728136564
940375,689582,860.1135944315942
198599,306419,958.9211574568042
981277,530632,93.47894966459648
36420,349340,230.71004634569317
24901,352427,-1.289798254151492
409386,181501,3783.6710737047106
412878,930630,-38.706809150232175
112134,289302,1949.219499516141
675367,156463,227.7688908843329
975124,46820,599.2924752862617
216482,631627,1077.6562451761026
144562,577053,1762.9298431053517
254511,828986,350.4979845512784
960230,138281,120.87257485660876
380320,930577,164.64627822975115
213860,579967,-2.7463514084439566
383236,914322,183.73172656249528
905328,544583,514.3840890988057
21793,54879,478.5878241234709
322250,149616,1054.4569298145277
798855,297030,185.35932170801203
835622,138281,-384.579578253439
393955,978372,212.1433644791481
865822,417921,523.3847938204407
616467,516044,-305.98738955174275
703680,46897,401.7557486517729
550465,453204,697.890450765122
654489,357600,682.763934060046
991074,853711,1912.086265070669
632109,268162,2058.161157456804
596439,737971,120.20558037851532
865119,689022,2580.9735384091855
253537,947232,-190.24967587652907
83635,59550,483.0878241234709
769063,834789,366.33970882413615
517362,342381,627.0865465392666
49766,64135,750.7253150676873
980278,85370,927.8647279936333
511970,722609,-123.67211985412007
24356,11502,1881.517189202836
368452,810856,925.1468650825118
656073,580997,2202.435709958566
310461,589532,2614.165096850744
367563,659843,-182.13035769471094
391289,285685,482.8134826099158
976972,303562,286.06686537207736
510457,175115,1975.824649393363
376613,384028,2114.02601371166
789430,785196,89.725808619595
226076,407444,1789.2982137338604
755948,561941,32.43477534298313
511164,467336,3235.905086028233
151062,720021,163.57418775983456
170321,166932,464.4044907901376
508816,683627,27968.81632653893
738689,892846,173.43808904752598
144771,244124,726.5256410684308
881238,176088,67.55290348855027
803238,977784,184.21055139619818
539688,63682,2547.3256978776235
680396,219307,153.56322094886775
930068,882140,496.65101800923117
212644,432427,337.6444804702201
900354,419839,643.0634493073486
639932,845427,36.05537645841457
216482,39515,1090.4562451761026
550269,181501,8.075835609472392
132590,543819,-265.076881758882
481517,516044,617.5320548927016
798855,866793,401.11119577098054
75683,24488,1994.7945727831998
135234,898797,1080.9662332143798
12778,577464,270.28782412347095
727821,356630,-203.59845038633296
469215,107692,764.7419068382111
820860,598237,402.3134055188197
142230,837094,7459.814029574204
715340,735702,-51.89296855945588
39732,944806,3002.525067525231
681518,843807,248.58374536116435
277770,714905,854.3372174500635
396606,24488,1556.4985065306118
834376,133019,1715.260382770498
504523,453204,357.3707509527392
544870,912372,1280.4413955520424
828735,501406,-46.362666760119566
196095,662929,458.9913431850545
342670,577053,2325.8001001432954
560009,825117,425.19080031394714
101403,714905,793.3647015938267
892315,176088,285.5853710210178
951876,784421,410.08159701724384
909244,209750,952.23544317109
900119,85370,630.8364451653505
584862,158396,454.3852600209068
687395,524197,-76.09985331536927
609299,942223,-158.65741397176714
249741,546334,6581.745566905623
32806,539609,948.1882376884007
978528,683627,2914.1072356298387
459818,66853,-189.44872478957257
837613,465904,-187.51217587652906
749499,639983,76.93488294700035
950407,656648,-357.5541470836166
735011,64135,1042.5906144024989
779381,467336,2164.3603705810783
647391,795954,362.04554770070666
293697,68618,2485.0510425142757
584862,809762,409.1734953150245
984356,885763,336.9885234241703
786116,175115,2874.0303757984534
103538,298381,682.1715197756448
72474,259282,244.20900584030483
500189,902478,1079.7484301840768
229536,107765,548.1446974388348
226089,508949,144.76736957801643
725812,972871,1661.2656019012486
767217,175115,4326.373742576602
968045,442180,1684.413630575084
444135,181501,529.4922119160926
633359,301921,406.879156047361
634006,156463,1463.7497521283522
520152,322436,190.47309879864764
275713,493058,300.9176906674194
879323,945506,187.33639124262623
275579,828007,921.0595632539057
607020,178147,266.8485646465388
322250,772796,1000.3286843385246
492335,539609,2368.1913646427474
226184,347465,-222.4895952313678
898415,389719,-37.322253395908945
105101,246334,268.74193667758345
204933,161470,1317.4697006270796
939238,603814,-296.3597949241481
68690,683627,2097.612071219781
133694,88581,799.7592526948995
316303,285685,484.77910445015846
87420,257446,-80.53001213383902
136343,2864,-335.24550920986235
402769,697735,1376.7428323336517
953413,247498,-391.3259840160639
627954,203088,1166.3721483543732
856942,30048,-252.71376317811638
931636,546334,1935.4610140600948
711678,337273,2304.2798876155343
441435,311506,-141.6734822014567
475415,73778,211.8014604871073
858239,39515,-138.56217587652907
881980,369424,1302.3377061061617
567216,430087,157.91973813752634
596916,168040,1674.4900968507434
18043,712748,639.701829725712
525419,493058,444.3146808075336
110476,506071,342.02683341139664
991074,193572,707.5093625850094
278374,94700,-329.6456853902711
308469,943114,543.2044186400655
555524,665463,1864.9243918861011
878123,508949,-122.45286851722165
285752,158396,117.62295925860599
462373,155818,541.712120918163
809388,880536,-112.56792500544896
513869,731646,276.2015448660052
377658,689582,155.09703128459626
864274,417999,1031.094247157801
351038,682351,4412.374868844541
67558,957839,6319.746432182079
968045,429815,1795.3425726008
830138,807942,804.2104209670865
824555,622212,551.3558913503616
21488,332403,958.3628241234709
601148,671604,112.15698489192391
140616,528099,455.0678783641021
183697,161791,2586.4393345284834
200909,728573,351.73780676838584
932825,776827,544.4814749171218
443018,652478,725.0549569906038
698431,323363,1289.1537332143798
147687,894544,634.6517130123598
304970,618507,4018.1906019012486
891512,543648,1551.8140595232912
825437,561824,493.1445226034992
534751,515741,790.6695013609622
964784,231924,337.62567416863806
411817,398431,412.8068717425185
1539,341932,1502.0751228712347
600619,799335,-201.91963201688003
183735,974957,434.8443897800365
519266,831838,3567.7824962546183
459124,698235,-161.4074139717672
653727,788259,44.13226856791539
114939,289302,1391.0980709447126
219737,733338,235.9703638060106
584862,901795,760.3801318157787
983433,505424,308.2709041639978
138166,684955,2793.1243320599788
583328,880878,699.6579328191231
555976,361613,1657.022579793333
749597,311506,2334.299688530251
456045,111351,87.71174756844704
363327,481574,2286.920147355794
396793,30048,167.60975103377
540742,361613,2083.783977969625
902967,501522,-174.7506785503258
255026,132660,209.79699725008595
33121,80605,398.3384583729424
328648,173210,289.3231996175421
607020,449050,332.74759739726005
68228,268162,266.7278241234709
358531,890120,791.2962498440918
788474,276204,79.6566885923354
596456,665463,2317.6220663047056
500785,539831,-300.3416789821191
307077,853711,1599.8340289347118
897590,878826,1406.3033233783144
290858,343176,700.7440016524592
200909,830738,547.8564852207841
656056,941421,1005.6624618046303
100501,785400,2075.8646533917636
738728,498393,3450.067375944199
640827,301921,1079.3891228247694
5334,325135,99.55046148610836
149710,46897,595.6307486517728
237818,736860,779.4889604871073
26577,228054,-346.72561256903555
749519,168040,1522.2198587555054
826268,426874,430.71163364728045
455432,866793,711.3813977911825
235452,196581,739.8544907901376
494923,467336,2732.8025219256688
406426,289302,1257.21711856376
856942,708270,-368.85662032097355
873129,13960,650.2971808486171
956139,134783,81.98164832780094
677984,124092,1111.5694716437847
748398,325011,209.50102863232757
606750,634974,868.6226067321667
665381,417921,182.4295092675951
751455,272463,1475.1689869141685
73080,765004,1091.05888103404
98012,498393,535.9640077676604
455432,720245,980.57457460703
303118,308431,-86.93641088264906
60438,464465,1404.16218309783
502855,48739,1239.0645683095174
681584,322141,-78.26126054472138
662690,425848,5633.133476297384
742254,681692,817.562040503653
302297,799263,37.00759156533138
164135,76710,498.20449079013764
295548,62959,38.31877650442334
49050,121800,782.8041031932383
46049,546613,1133.0973875330342
330908,429117,349.9494196707808
200909,546334,1166.551768456011
801034,581871,592.0753241234709
716303,950993,17.14517179372183
751813,337273,1554.8937765044234
790396,742056,-431.1205092098624
192054,429117,878.1510006984487
626453,368515,4193.0767130123595
288324,558292,384.111207366542
584565,652478,1072.8210323786304
198812,289302,1271.0558631525046
363327,343176,248.5976601890447
176789,753400,-1.4208715287030032
379529,48739,-109.76931873367192
529359,95297,1899.1378241234706
951876,543819,-34.5640612460615
428286,59550,849.330681266328
952776,662929,739.7629618103317
444135,353431,517.2445945187611
888338,964047,2301.2759548981685
30727,217762,915.8068717425185
691588,427016,544.9905998173945
655693,849673,495.7257678199213
263244,826122,-37.42845494629648
119426,853711,5687.717749864944
912908,676985,886.0400677564045
812593,235165,-292.4871758765291
40056,158427,719.7211574568042
303215,998913,709.7759748281014
195074,419839,-1.5047325108332643
871393,203088,1382.1351353673601
406426,64135,706.7973243592088
527585,352427,344.54936258500936
468051,693469,1140.3599648859345
299012,79564,389.3512856619325
826214,845658,1275.0558796790265
771079,880536,-126.4883663527196
501724,430087,285.8024326787575
522694,516044,2693.2070548927018
766406,956375,2446.307238042885
652162,731343,492.6765687122155
42287,59550,312.25600594165275
723328,257446,-277.076064765418
521751,417021,-134.38045979386965
356813,565101,5958.232539570626
711678,707607,2448.3503915452616
843911,337273,1183.8544907901376
65347,998913,228.3900099158207
768985,85370,791.3758391047444
927322,397791,1979.2143198499666
514757,172260,816.5092526948995
904490,85370,1628.9841724380776
29341,850645,2579.286971245006
255026,880878,299.9567194723081
189623,206481,165.00361359715515
783758,870565,313.75286881066063
146170,404332,2368.2920364973193
492335,530632,2452.0316104184767
151121,494777,220.8713905570374
718042,282435,1375.6995899107674
198916,175115,656.835281038141
731718,68618,1473.8294907901377
596580,672708,684.0090801621184
751813,332403,997.262824123471
200749,283094,2629.9558796790266
826214,668467,549.5364352345821
798629,947232,1992.7628241234706
483900,212366,69.21163364728045
694983,690691,66.31864849623082
5795,603814,310.856816371533
103652,841918,1264.8992238348706
662733,419839,502.5702674891668
909826,926341,4329.805361870277
716303,244124,411.8928127856025
758559,124607,-408.3576304219836
272515,124092,3056.8462725513286
809698,357600,428.93782412347093
32513,498393,519.9959473727706
17887,378771,306.6073046429514
529359,412048,861.3102792132913
446114,124092,1899.9426720867527
360729,681692,857.7713428292343
691588,657582,127.11880342793012
726374,682351,4416.122294318796
522150,639983,-143.23033444430405
495790,176088,977.6367544202272
698971,191894,1288.2211574568041
845632,913129,-242.27396449441528
46098,896302,-328.1216164359696
996946,256944,4732.27318997713
275713,550395,1609.767723198324
428998,608480,996.5469150325619
555699,251377,-70.1435347615465
777468,45127,3826.687824123471
312559,362489,201.66818588057686
790396,112419,-57.8538425431957
764143,914322,176.2378241234709
174752,85370,950.1348134637187
398903,161791,3159.9451417294126
104494,962732,2832.5024582698125
454013,535885,211.65146048710733
790825,159780,-231.10704767140084
182339,643049,-161.4121758765291
596916,357060,221.43724272812216
382421,231924,584.4333882922909
292139,289302,1358.4806106272522
893916,924533,-357.8185943617666
535801,332403,910.648935234582
784451,359220,687.6299900220884
187469,660710,756.2366963039221
351902,181501,296.3765000612996
476123,25918,1600.305554219462
117648,467336,3492.921346190835
508580,728573,188.57501607071146
46079,528099,434.96371169743543
680731,618674,335.5907777099688
263144,197587,245.1698754055222
456096,454172,548.2831729606803
434435,43055,218.73942296068026
930582,491725,-118.5554191197723
469180,342381,251.5452766979967
723328,307791,-511.93717587652907
101021,682351,5140.145575915248
177443,464465,1480.4150968507438
104494,366172,1900.8524582698124
932825,417921,688.9562223918692
921349,918042,3665.5456019012486
5334,375031,91.66797300684561
360679,765004,87.86375908282054
889517,159780,47.27340970905652
792165,617660,1971.3884832454705
742254,64135,805.3543564743804
295282,245332,-244.77884254319582
548651,175115,627.9506656535257
325302,996452,1508.146055081702
220422,898797,-138.85638319360226
582638,87843,855.5259193615663
781590,34924,141.8758928797905
781590,192063,105.60328306066901
881980,797471,829.9874756914152
519266,63682,4925.891395552042
917331,842353,1802.8597762023996
338199,616925,1561.3390436356663
536587,199666,-210.5314741221431
674938,127368,-78.6238641882174
826214,285685,965.0641286047478
685281,306419,89.28347629738391
145845,357060,116.34760858178072
555699,175115,598.8002591494605
846666,913809,79.66837967902643
458072,68758,384.43486245099706
504523,134783,191.89784595131562
398335,493427,1757.183476297384
166292,558292,453.3400657174933
550465,481574,2323.0739935096403
197548,354754,43.4492859174909
179421,810277,1973.3121566940276
889399,156463,1723.3478382527537
853921,103828,347.67046301235985
157559,272463,4047.740046345693
945432,720021,-0.5476071119603603
803618,347465,1516.1770714352992
416958,701088,853.8408155764623
162306,303318,82.09258602823286
774992,354754,-39.813763178116346
109576,943114,-60.42771666648855
887152,111351,53.941070876717674
25050,998913,-82.18574765993685
994557,332403,1065.7711574568043
454897,865987,-88.7667213310745
767243,419839,902.9952674891667
834376,124092,2798.9463350904157
154186,209750,283.41263032502127
322585,323714,44.806789640712395
629329,442180,508.4777331391864
641245,845427,1375.0800800157267
728367,419839,33.824535781849704
635419,481574,2170.7738058923796
302297,359964,-189.1177314320846
897835,902478,1617.6857916031458
593548,984203,499.8647721754189
128643,617660,2805.580872251813
278830,342381,374.6341655868856
32820,556622,594.1738868412409
873729,926341,586.3577428226579
347609,30376,126.17883824413843
617866,984203,-127.45221347051404
594395,577053,638.4890536316676
889399,111351,1381.9222738842363
237818,887902,465.0202104871073
280445,853711,2474.5997266091304
504578,647752,-269.9268100228705
873729,742092,546.5678241234709
434435,175115,636.5126811574016
152481,834789,-67.46231137788408
199187,161791,1231.1832369675076
930675,464465,1379.8306812663282
773773,765004,237.7233796790265
840888,760269,-46.7808451271751
144562,30048,1183.6464707400123
831962,549883,2608.2059527784413
162330,674816,796.071795415337
508803,671460,-368.1191934203888
627954,111351,-139.60763042198363
789805,577053,567.9711964888104
820860,70926,464.26340551881975
194721,76655,852.6232851163787
194857,693469,1270.969488695458
566734,379168,-360.92328698764015
715340,923116,513.2406323579754
218312,505424,679.6994755925692
296676,923116,1132.4407432227204
166694,892986,-97.20961177396498
402936,134783,1181.5201098662624
253522,720245,1368.7198315240262
447968,640643,445.0198654671401
288324,112251,63.61805668161048
80991,530577,394.2672279175089
413862,176088,-25.27826534261851
384852,930630,823.0002783359251
115791,530577,522.5608787111597
196767,219307,2994.3108399964867
713644,712748,1009.5276136978373
306906,968423,153.74264139921837
102809,230551,31.27656871221552
96798,695522,358.8110298650977
947148,378771,1389.4941733298201
914527,218845,-21.5443187336719
415534,141278,1199.0211574568043
545414,161791,1387.4927607770314
849071,569289,3680.524302110892
757708,828986,-121.71413666084277
9797,539831,560.2330718484457
633800,708918,-6.507297827748516
846009,85370,951.5864451653505
326381,429815,1714.338100328886
303215,695937,725.4904557024183
960673,751476,995.4878241234709
255026,680971,-78.02707682398818
563940,357060,-56.987757271877854
779163,182948,872.8362183648885
208084,378771,849.2838374125075
106743,21244,-55.62681762107741
28913,107765,525.8979441920815
13713,419839,360.55340702405044
290643,359964,287.0225124703544
500846,785196,801.1298736602454
875919,772796,-302.49542913665266
824555,825117,889.6193717425185
573417,337273,3454.2760935775937
432054,589532,490.7659127015595
411093,332403,1096.8158729039587
727337,382847,786.0613419100322
528461,454172,1520.910046345693
791435,698415,117.36397588498858
679489,444328,822.664717576616
183735,578968,1019.0119671935156
619310,337599,389.0805889813521
633359,191894,456.10642877463374
959850,922019,-163.6899536543068
723044,589905,1861.4681271537738
454428,278805,305.6482346806557
455432,95439,699.4990889456053
495790,879164,1226.4925745260475
700784,477242,3450.98194177053
860559,481574,2006.5451473557941
233713,442208,2333.8972597201923
208084,998913,707.9907851096192
791435,70231,175.3789909000036
937704,941421,485.0461574568044
240824,636297,1602.2750334257967
189623,467096,800.5121484477953
773773,311506,-77.91142258086052
216482,631627,1077.6562451761026
930582,682351,4387.220514490186
508803,519863,-128.50014580134115
522150,831838,-189.55772113668593
731718,366462,356.6128241234709
479968,797981,-202.53006205539089
208084,593896,1128.6552659839363
492472,842438,-96.405199132343
322250,490313,839.3322685679152
50945,289302,1533.1250550716966
376613,853711,3661.920181154585
46049,728573,1046.0847583711513
288123,191894,425.0878241234709
941366,615562,580.6148267074502
573417,984203,2567.4129983394987
456045,368515,96.91881827551776
153473,337599,648.4012744158686
98667,998913,243.84239086820162
617846,852932,2735.6365420721886
537780,735779,1392.5016769373237
10243,992122,736.2543357513779
233713,366172,108.85642877463374
434435,821099,666.8165062940136
510562,230551,201.2592526948995
193676,158396,383.96509685074363
120748,660174,67.13964230528904
900354,442180,1117.0587354701888
220422,582264,173.37919372947465
517910,546334,690.4122335722899
178381,412048,568.1420973951094
217877,138281,2.56547951292805
160817,33540,56.2792771149239
839495,975724,179.6724679717596
255620,124092,1188.349598493679
772157,7391,7709.883928019574
187469,6139,850.4509820182078
374927,653526,504.73401977564487
475311,124092,1172.8252855972733
208084,285685,890.7204593541019
60438,282435,1624.0692977223357
280445,918042,4637.187268567915
144771,205688,817.6900968507437
961018,785196,80.42255658707472
954515,877336,2726.809036244683
416958,662929,461.64588863959995
634006,926341,1245.3789549438702
936230,560212,-346.47408063843386
318384,713381,171.94380498471497
443869,491725,223.18782412347093
600619,481574,2000.60435788211
834971,64135,808.057397619282
831804,151958,-82.26275727187789
87432,876369,403.49397385609126
264895,569289,-87.19792011132995
968045,442180,1684.413630575084
54907,652915,398.8262856619325
926602,665162,824.9744094893246
533645,975724,2398.8704328191234
293697,955087,1894.4431993770208
888300,845427,-28.009840932889745
400867,217961,263.0037332143801
430499,280800,979.1878241234709
10146,799335,-80.30151696180042
981277,964047,90.18612805834198
23921,936020,-374.25468233647734
949563,681692,965.5008676017319
61112,633474,2002.7415221984456
265728,30895,599.5887903070458
681518,918042,3935.3233796790264
430499,681692,1337.4573893408624
778023,680503,492.38946102823286
14688,959059,1368.5867602936837
40242,59550,-111.0018310489429
617846,892846,3391.6499648909808
361097,626176,-16.68059692916063
767676,531167,2435.1358760715225
528461,710003,1334.754822465096
422091,151958,-80.36899405834725
749597,203088,3830.249421081646
47560,378771,8.016395552042354
780239,200862,215.94139555204237
470255,694161,2.654490790137629
974428,532822,-219.01217587652906
448151,638106,-225.6264615908148
857999,85370,1519.7000815289869
364412,576469,-73.96089382524701
475415,73355,140.07418775983456
607890,124806,-123.93988150423468
736141,407954,187.8252964072846
184614,964047,514.055861982954
990076,458201,92.76670112881845
504523,453949,899.5619704649343
592059,835492,1435.4698008676569
235452,556507,226.15449079013763
143176,782278,646.6597233482772
44162,807530,1467.2721264490524
368452,810856,925.1468650825118
517910,429117,-155.41421669285558
425980,21244,252.5474248031651
98012,736860,424.5338607088368
257737,322436,14.423234300002605
352318,369424,557.8432493434123
492472,579967,193.501050867657
945432,132660,-100.65619297054616
518921,323714,744.5067896407123
208530,247498,-146.28854782774857
522694,366435,2857.0378241234707
119426,203088,5191.44244433746
374572,467336,2394.2121035720925
154142,90008,1456.6063426419896
838520,676985,432.26541240115534
468370,357060,1105.9667881826676
277054,343176,56.169088760473244
975852,467096,1088.4212393568862
331478,166845,757.8432935463821
810801,313852,686.931437830636
969286,626176,731.7444030708393
779845,817299,-246.60005466440788
149050,882140,453.77547688369
971793,918042,4057.6269027142566
45937,23763,278.81804525369205
235170,569118,-353.887175876529
881238,271305,131.88530311506753
640322,43055,607.9022136583546
460157,991841,477.5707631023003
162330,947232,77.75600594165275
160817,923116,737.9978139297912
501468,809910,-267.96434978957257
725812,710003,2253.243711353985
212425,799335,-264.6752711146243
85752,710003,272.0008929258007
618019,94700,-125.70936202371524
941366,161791,1959.9157951070424
980347,143052,1996.0952315308784
90148,46820,2665.846915032562
68322,442208,2064.4559277963026
876906,95439,858.9269545582536
909495,693469,573.0463285222979
393955,437502,756.9668938909128
916590,467336,2124.7634193615663
59627,676985,716.4209307958041
154714,956375,2360.6167618524087
561339,305861,-66.67278193713503
742254,814031,2503.254739437205
937704,913809,912.4183796790265
348868,639521,-5.65063741499057
98667,512894,125.30687174251852
381520,955087,-51.540308868856414
90148,359964,2754.791359477006
147716,555325,604.9704328191231
28913,528099,796.0205298792536
43130,404332,780.5262962817774
411817,710589,434.57516442544534
747027,878826,382.3076523826435
290643,695937,477.32806802590994
859160,965622,178.41587290395876
67558,530577,6888.643296293578
705632,817206,-83.52711094146412
173252,358877,255.47065240629922
540742,610392,762.9489669806138
301337,203088,1535.837793174669
749499,244124,386.64836834115806
264058,64135,805.4247053115898
971793,354754,252.44531541266957
564398,407954,-132.53154346546188
890152,342381,357.65797511069513
383236,412048,512.7041816523157
324193,582264,62.88013181577867
513326,66853,-189.16611609392032
672617,580528,1153.0433796790264
784451,419839,748.880981774881
583085,642163,151.90190036980522
858927,789786,554.6953891352912
834313,701088,841.9896527857647
527866,593407,135.28751113442559
515608,354754,61.03068126632809
195691,378771,225.80907847887164
423178,528099,745.3735954183657
940045,880536,2574.9553565910032
552585,998913,-113.54261419765453
149710,124092,1869.9700530391337
266071,247498,-294.59342587652907
820043,87843,518.2018592111904
258017,683627,1890.5941043167074
411093,550395,2000.2555280763727
501724,318504,216.05091936156623
580347,110225,2247.799666228734
883476,384028,-24.46456278501364
498989,43055,833.2488360282329
166096,643049,122.68782412347093
350287,173500,-38.506305855564676
665978,812449,468.91203402209953
980278,203088,1310.1049766372014
16154,961450,233.16633370912336
113887,722025,3659.5366613327733
689551,830738,1634.8632918004778
411093,561824,668.7542787010602
369563,828007,-187.71217587652905
852394,467336,3881.9939749171217
240824,282435,3025.9321480503027
33893,475187,-512.3609563643339
763874,11502,4702.952729272522
950407,45981,-277.516937781291
456045,429815,985.2616009408811
69792,482465,669.6605238201341
476123,753600,1469.4128880620897
779163,712748,1459.6121287290343
485906,545860,533.4064388420858
877276,765004,444.20115745680425
299012,109628,189.38974720039403
98940,24488,2108.571629060256
29847,65027,-167.26773143208464
416960,138281,-237.8193443353104
548544,149835,1314.4943717425185
626591,689022,1195.9322685679156
674728,993433,178.4617602936837
607020,107692,383.1268485137149
224720,834789,265.3440378284651
349749,688024,505.1741877598346
617795,697735,1466.9059275717468
515608,710589,-132.04388319360226
69175,39515,-50.516827039319764
128643,617660,2805.580872251813
452902,134783,212.5660251912476
890113,697735,641.3856894765087
292771,46897,204.27667888433092
757708,839768,-23.478842543195697
763494,638106,510.77841645796565
500785,803231,-600.0264615908147
863817,427016,352.00610369336334
983003,668467,-81.81857831555345
522694,864429,2653.9753241234707
43101,662929,415.9352503417276
517362,332403,879.3902050758519
534751,59550,799.54828923975
594395,113347,-165.8657473051005
929711,950993,1147.5181186536252
255026,244124,390.62976368999523
287882,298381,391.58663364728045
280445,577053,1184.5890536316676
648669,357060,104.41224272812212
550427,195861,826.9180872813656
645071,676985,553.5905112153846
453432,288799,-186.76064078880984
803238,235165,-97.42581224016544
165614,134783,20.377335973488584
887152,429815,951.4909242491517
216482,838773,1103.10887675505
425517,516044,463.19851830733586
860559,449058,-52.38717587652906
285752,837231,-45.5808868952401
641770,2518,-11.002175876529066
109353,168040,4624.019642305289
834376,660710,1697.5248204604675
32806,652478,1369.3544907901378
235413,244124,2523.86655015934
485327,276204,145.26005676887428
367563,680971,-246.42665399100724
100501,494777,464.2300380071482
696596,205688,314.99853840918524
583085,121996,91.58392801957473
847991,71619,-34.49502280922712
117648,209750,1855.537417619406
439902,544583,355.51033494598175
377319,593407,132.90631455322898
198694,282435,2045.4585751116133
463435,944806,-163.90675065658763
272968,168040,1509.229730997085
172715,779403,192.2335605575795
144919,419839,355.80479129869053
782910,644221,769.0262079618548
185660,841918,1908.9510208750398
539162,22967,-225.23335814253886
454428,134783,666.1273359734886
952776,85370,1298.4262456088095
629589,440242,551.3124322739411
274429,313852,420.2203267195249
295282,972871,-288.0455092098625
277770,493058,696.318144439399
118098,141278,870.0211574568042
425517,831838,541.3489596692526
285752,191805,128.51861143251904
86582,70231,481.12455631020316
391445,918042,3969.0932209488674
817147,746858,-121.63873090045252
417654,875119,655.2544907901375
553396,356630,152.20480164618738
974428,64135,712.2497053115898
239119,50627,330.9199669806138
827354,231924,435.27413652282684
926638,672373,8280.104490790138
485420,890771,3679.687824123471
217877,926341,297.2536777820075
854305,303562,-12.660001963485627
589745,695073,-359.61376317811636
611037,767751,655.1196423052892
508803,341932,222.25260145140612
343297,244124,175.71503500782467
560178,845658,3726.569768567915
364315,924533,8519.944549269669
672617,62959,1301.237824123471
447121,545860,1022.8413594770063
723044,230551,1114.753841439488
473629,831838,2257.8256780728007
46079,586320,-194.25860444795762
842403,618540,185.97793107534255
184614,945506,282.5027452138583
536265,913809,94.1661069517537
812593,681692,872.7823893408622
263666,181501,-63.49559296195616
615851,956375,2367.812649298296
677058,64135,3053.9124960092645
849071,918042,7434.378935234581
555524,257446,-151.8696694165808
588548,530577,931.0908994150934
875987,432302,-121.25914557349881
826214,442180,1464.1016647631182
270111,217762,897.8762299205723
620114,528099,1249.4484677949963
983003,668467,-81.81857831555345
307066,155818,44.47875062991466
623472,15238,716.139695781225
887152,278805,9.3560268884479
517362,155818,591.4084043095684
687395,138281,-410.6358818030107
329721,219307,2241.961978712843
326381,685277,746.2602749284797
714512,892846,1322.096595779472
266071,24488,1558.8898108784379
956532,24488,1845.2786997673268
112134,322436,707.9621231888915
519861,442180,1091.1068327217745
74832,866793,332.75719060302185
975124,244124,1093.6530195039488
302819,419839,2069.2452674891665
85752,467336,1996.506712044493
983003,287317,-16.181078315553464
597966,64135,832.1217983348456
259639,481574,1822.0534806891274
880633,398911,154.02399433623685
307836,810277,246.0410428629384
428998,62760,19.98580392145078
379357,378771,1310.3913955520425
888088,154970,-104.70860444795761
791263,90870,-133.20451542104246
527585,918042,4071.5968839525303
197117,765004,503.96306221870907
38878,225992,490.61964230528906
